,,,Monograph,130,110,100F,100F,115,100F,100F,99,100E,111,100F,100F,100E,71,100F,Sup7,100A,100A,100C,58,100C,100F,100A,120,100F,100C,100E,100E,95,100F,Sup7,103,103,100A,100C,92,Sup7,100A,50,100A,Sup7,100C,100B,100F,100E,100F,100F,86,100F,92,100A,100A,113,112,110,117,100A,100A,108,63,105,100B,100C,100A,100A,100A,100F,100A,100A,98,100D,111,100F,95,112,100D,99,100B,100B,100B,100B,100B,100B,100B,100B,100B,100B,100B,100B,100B,100B,100B,100B,100B,100B,100B,100B,100B,100B,100B,100B,100B,100B,100B,115,108,100F,100F,100B,87,100C,113,100F,80,104,112,100A,104,100A,100F,76,100A,115,100C,124,94,Sup7,53,100B,126,100F,109,109,100F,100F,117,110,45,100A,100A,100D,56,108,100D,107,71,65,114,102,100D,100D,100D,100D,100D,114,100F,100E,100B,61,100A,100F,100C,111,100D,100F,121,100F,93,100A,76,106,48,100A,100D,100E,100E,100E,100E,100A,106,118,100D,116,100F,118,100C,100D,100D
,,,Monograph,130,110,100F,100F,115,100F,100F,99,100E,111,100F,100F,100E,71,100F,Sup7,100A,100A,100C,58,100C,100F,100A,120,100F,100C,100E,100E,95,100F,Sup7,103,103,100A,100C,92,Sup7,100A,50,100A,Sup7,100C,100B,100F,100E,100F,100F,86,100F,92,100A,100A,113,112,110,117,100A,100A,108,63,105,100B,100C,100A,100A,100A,100F,100A,100A,98,100D,111,100F,95,112,100D,99,100B,100B,100B,100B,100B,100B,100B,100B,100B,100B,100B,100B,100B,100B,100B,100B,100B,100B,100B,100B,100B,100B,100B,100B,100B,100B,100B,115,108,100F,100F,100B,87,100C,113,100F,80,104,112,100A,104,100A,100F,76,100A,115,100C,124,94,Sup7,53,100B,126,100F,109,109,100F,100F,117,110,45,100A,100A,100D,56,108,100D,107,71,65,114,102,100D,100D,100D,100D,100D,114,100F,100E,100B,61,100A,100F,100C,111,100D,100F,121,100F,93,100A,76,106,48,100A,100D,100E,100E,100E,100E,100A,106,118,100D,116,100F,118,100C,100D,100D
,,,Year,in press,2017,2012,2012,2018,2012,2012,2010,2012,2017,2012,2012,2012,1999,2012,1987,2012,2012,2012,1993,2012,2012,2012,2018,2012,2012,2012,2012,2010,2012,1987,2013,2013,2012,2012,2010,1987,2012,1990,2012,1987,2012,2012,2012,2012,2012,2012,2006,2012,2010,2012,2012,2018,2017,2017,2019,2012,2012,2016,1995,2014,2012,2012,2012,2012,2012,2012,2012,2012,2010,2012,2017,2012,2010,2017,2012,2010,2012,2012,2012,2012,2012,2012,2012,2012,2012,2012,2012,2012,2012,2012,2012,2012,2012,2012,2012,2012,2012,2012,2012,2012,2012,2012,2012,2018,2016,2012,2012,2012,2006,2012,2018,2012,2002,2014,2017,2012,2014,2012,2012,2000,2012,2018,2012,2020,2010,1987,1991,2012,2021,2012,2016,2016,2012,2012,2019,2017,1989,2012,2012,2012,1993,2016,2012,2016,1999,1996,2018,2013,2012,2012,2012,2012,2012,2018,2012,2012,2012,1994,2012,2012,2012,2017,2012,2012,2019,2012,2010,2012,2000,2014,1990,2012,2012,2012,2012,2012,2012,2012,2014,2018,2012,2018,2012,2018,2012,2012,2012
Cancer combination (pulldown menu level 1),Cancer group (pulldown menu level 2),Cancer type (pulldown menu level 3),Cancer subtype (pulldown menu level 4),"1,1,1-Trichloroethane","1,2-Dichloropropane","1,3-Butadiene","2,3,7,8-Tetrachlorodibenzo-para-dioxin",2-Mercaptobenzothiazole,2-Naphthylamine,4-Aminobiphenyl,4-Chloro-ortho-toluidine,Acetaldehyde associated with consumption of alcoholic beverages,"Acheson process, occupational exposure associated with","Acid mists, strong inorganic",Aflatoxins,Alcoholic beverages,"alpha-Chlorinated toluenes (benzal chloride, benzotrichloride, benzyl chloride) and benzoyl chloride (combined exposures)",Aluminium production,Androgenic (anabolic) steroids,Aristolochic acid,"Aristolochic acid, plants containing",Arsenic and inorganic arsenic compounds,"Art glass, glass containers and pressed ware (manufacture of)",Asbestos (all forms),Auramine production,Azathioprine,Benzene,Benzidine,Beryllium and beryllium compounds,Betel quid with tobacco,Betel quid without tobacco,"Biomass fuel (primarily wood), indoor emissions from household combustion of",Bis(chloromethyl)ether; chloromethyl methyl ether (technical grade),Bischloroethyl nitrosourea (BCNU),"Bitumens, occupational exposure to hard bitumens and their emissions during mastic asphalt work","Bitumens, occupational exposure to oxidized bitumens and their emissions during roofing",Busulfan,Cadmium and cadmium compounds,Carbon electrode manufacture,Carpentry and joinery,Chlorambucil,Chloramphenicol,Chlornaphazine,Chlorophenoxy herbicides,Chromium (VI) compounds,Clonorchis sinensis (infection with),Coal gasification,"Coal, indoor emissions from household combustion of",Coal-tar distillation,Coal-tar pitch,Cobalt metal with tungsten carbide,Coke production,Creosotes,Cyclophosphamide,Cyclosporine,"DDT (4,4'-dichlorodiphenyltrichloroethane)",Diazinon,Dichloromethane (Methylene chloride),"Dieldrin, and aldrin metabolized to dieldrin",Diethylstilbestrol,Diethylstilbestrol (exposure in utero),Digoxin,Dry cleaning (occupational exposures in),"Engine exhaust, diesel",Epstein–Barr virus,Erionite,"Estrogen therapy, postmenopausal",Estrogen–progestogen menopausal therapy (combined),Estrogen–progestogen oral contraceptives (combined),Ethylene oxide,Etoposide,Etoposide in combination with cisplatin and bleomycin,Firefighter (occupational exposure as a),"Fission products, including strontium-90",Fluoro-edenite fibrous amphibole,Formaldehyde,"Frying, emissions from high-temperature",Glyphosate,Haematite mining (underground),Hairdresser or barber (occupational exposure as a),Helicobacter pylori (infection with),Hepatitis B virus (chronic infection with),Hepatitis C virus (chronic infection with),Human immunodeficiency virus type 1 (infection with),Human papillomavirus type 16,Human papillomavirus type 18,Human papillomavirus type 26,Human papillomavirus type 31,Human papillomavirus type 33,Human papillomavirus type 35,Human papillomavirus type 39,Human papillomavirus type 45,Human papillomavirus type 5 (in patients with epidermodysplasia verruciformis),Human papillomavirus type 51,Human papillomavirus type 52,Human papillomavirus type 53,Human papillomavirus type 56,Human papillomavirus type 58,Human papillomavirus type 59,Human papillomavirus type 66,Human papillomavirus type 67,Human papillomavirus type 68,Human papillomavirus type 70,Human papillomavirus type 73,Human papillomavirus type 8 (in patients with epidermodysplasia verruciformis),Human papillomavirus type 82,Human T-cell lymphotropic virus type I,Hydrazine,Hydrochlorothiazide,Iron and steel founding (occupational exposure during),Isopropyl alcohol manufacture using strong acids,Kaposi sarcoma herpesvirus,"Lead compounds, inorganic",Leather dust,Lindane,Magenta production,"Magnetic fields, extremely low-frequency",Malaria (caused by infection with Plasmodium falciparum in holoendemic areas),Malathion,Melphalan,Merkel cell polyomavirus (MCV),Methoxsalen (8-methoxypsoralen) plus ultraviolet A radiation,"Mineral oils, untreated or mildly treated",Mitoxantrone,MOPP and other combined chemotherapy including alkylating agents ,"N,N-Dimethylformamide",Nickel compounds,Night shift work,Nitrate or nitrite (ingested) under conditions that result in endogenous nitrosation,Nitrogen mustard,Non-arsenical insecticides (occupational exposures in spraying and application of),Opisthorchis viverrini (infection with),Opium consumption,ortho-Toluidine,Outdoor air pollution,"Outdoor air pollution, particulate matter in",Painter (maternal occupational exposure as a),Painter (occupational exposure as a),Pentachlorophenol,Perfluorooctanoic acid (PFOA),Petroleum refining (occupational exposures in),Phenacetin,"Phenacetin, analgesic mixtures containing","Phosphorus-32, as phosphate",Pickled vegetables (traditional Asian),Pioglitazone,Plutonium,Polychlorinated biphenyls,Polychlorophenols and their sodium salts (mixed exposures),Printing processes (occupational exposures in),Processed meat (consumption of),Radiofrequency electromagnetic fields,"Radioiodines, including iodine-131",Radium-224 and its decay products,Radium-226 and its decay products,Radium-228 and its decay products,Radon-222 and its decay products,Red meat (consumption of),Rubber manufacturing industry,"Salted fish, Chinese-style",Schistosoma haematobium (infection with),Schistosoma japonicum (infection with),"Semustine [1-(2-Chloroethyl)-3-(4-methylcyclohexyl)-1-nitrosourea, Methyl-CCNU]",Shale oils,"Silica dust, crystalline, in the form of quartz or cristobalite","Silicon carbide, fibrous",Solar radiation,Soot (as found in occupational exposure of chimney sweeps),Styrene,Sulfur mustard,Talc-based body powder (perineal use of),Tamoxifen,Teniposide,Tetrachloroethylene (Perchloroethylene),Textile manufacturing industry (work in),Thiotepa,Thorium-232 and its decay products,"Tobacco smoke, secondhand",Tobacco smoking,Tobacco smoking (parental exposure),"Tobacco, smokeless",Treosulfan,Trichloroethylene,Ultraviolet emissions from welding,Ultraviolet-emitting tanning devices,Very hot beverages at above 65 °C (drinking) ,Vinyl chloride,Welding fumes,Wood dust,X- and Gamma-radiation,X- and Gamma-radiation (exposure in utero)
"Lip, oral cavity, and pharynx","Lip, oral cavity, and pharynx",Lip,Lip,I,I,I,I,I,I,I,I,I,I,I,I,I,I,I,I,I,I,I,I,I,I,I,I,I,I,I,I,I,I,I,I,I,I,I,I,I,I,I,I,I,I,I,I,I,I,I,I,I,I,I,I,I,I,I,I,I,I,I,I,I,I,I,I,I,I,I,I,I,I,I,I,I,I,I,I,I,I,I,I,I,I,I,I,I,I,I,I,I,I,I,I,I,I,I,I,I,I,I,I,I,I,I,I,I,L,I,I,I,I,I,I,I,I,I,I,I,I,I,I,I,I,I,I,I,I,I,I,I,I,I,I,I,I,I,I,I,I,I,I,I,I,I,I,I,I,I,I,I,I,I,I,I,I,I,I,I,I,I,I,I,I,I,L,I,I,I,I,I,I,I,I,I,I,I,I,I,I,I,I,I,I,I,I,I,I,I,I
"Lip, oral cavity, and pharynx","Lip, oral cavity, and pharynx",Oral cavity,Oral cavity,I,I,I,I,I,I,I,I,S,I,I,I,S,I,I,I,I,I,I,I,I,I,I,I,I,I,S,S,I,I,I,L,L,I,I,I,I,I,I,I,I,I,I,I,I,I,I,I,I,I,I,I,I,I,I,I,I,I,I,I,I,I,I,I,I,I,I,I,I,I,I,I,I,I,I,I,I,I,I,I,I,S,L,I,I,I,I,I,I,I,I,I,I,I,I,I,I,I,I,I,I,I,I,I,I,I,I,I,I,I,I,I,I,I,I,I,I,I,I,I,I,I,I,I,I,I,I,I,I,I,I,I,I,I,I,I,I,I,I,I,I,I,I,I,I,I,I,I,I,I,I,I,I,I,I,I,I,I,I,I,I,I,I,I,I,I,I,I,I,I,I,I,I,I,I,S,I,S,I,I,I,I,I,I,I,I,I,I
"Lip, oral cavity, and pharynx","Lip, oral cavity, and pharynx",Salivary gland,Salivary gland,I,I,I,I,I,I,I,I,S,I,I,I,I,I,I,I,I,I,I,I,I,I,I,I,I,I,I,I,I,I,I,I,I,I,I,I,I,I,I,I,I,I,I,I,I,I,I,I,I,I,I,I,I,I,I,I,I,I,I,I,I,I,I,I,I,I,I,I,I,I,I,I,I,I,I,I,I,I,I,I,I,I,I,I,I,I,I,I,I,I,I,I,I,I,I,I,I,I,I,I,I,I,I,I,I,I,I,I,I,I,I,I,I,I,I,I,I,I,I,I,I,I,I,I,I,I,I,I,I,I,I,I,I,I,I,I,I,I,I,I,I,I,I,I,I,I,I,I,I,L,I,I,I,I,I,I,I,I,I,I,I,I,I,I,I,I,I,I,I,I,I,I,I,I,I,I,I,I,I,I,I,I,I,I,I,I,S,I
"Lip, oral cavity, and pharynx","Lip, oral cavity, and pharynx",Pharynx,Oropharynx,I,I,I,I,I,I,I,I,S,I,I,I,S,I,I,I,I,I,I,I,L,I,I,I,I,I,S,I,I,I,I,L,L,I,I,I,I,I,I,I,I,I,I,I,I,I,I,I,I,I,I,I,I,I,I,I,I,I,I,I,I,I,I,I,I,I,I,I,I,I,I,I,I,I,I,I,I,I,I,I,I,S,I,I,I,I,I,I,I,I,I,I,I,I,I,I,I,I,I,I,I,I,I,I,I,I,I,I,I,I,I,I,I,I,I,I,I,I,I,I,I,I,I,I,I,I,I,I,I,L,I,I,I,I,I,I,I,I,I,I,I,I,I,I,I,I,I,I,I,I,I,I,I,I,I,I,I,I,I,I,I,I,I,I,I,I,I,I,I,I,I,I,I,I,L,S,I,I,I,I,I,I,I,I,I,I,I,I
"Lip, oral cavity, and pharynx","Lip, oral cavity, and pharynx",Pharynx,Tonsil,I,I,I,I,I,I,I,I,S,I,I,I,S,I,I,I,I,I,I,I,L,I,I,I,I,I,S,I,I,I,I,L,L,I,I,I,I,I,I,I,I,I,I,I,I,I,I,I,I,I,I,I,I,I,I,I,I,I,I,I,I,I,I,I,I,I,I,I,I,I,I,I,I,I,I,I,I,I,I,I,I,S,I,I,I,I,I,I,I,I,I,I,I,I,I,I,I,I,I,I,I,I,I,I,I,I,I,I,I,I,I,I,I,I,I,I,I,I,I,I,I,I,I,I,I,I,I,I,I,L,I,I,I,I,I,I,I,I,I,I,I,I,I,I,I,I,I,I,I,I,I,I,I,I,I,I,I,I,I,I,I,I,I,I,I,I,I,I,I,I,I,I,I,I,L,S,I,I,I,I,I,I,I,I,I,I,I,I
"Lip, oral cavity, and pharynx","Lip, oral cavity, and pharynx",Pharynx,Nasopharynx,I,I,I,I,I,I,I,I,S,I,I,I,S,I,I,I,I,I,I,I,L,I,I,I,I,I,S,I,I,I,I,L,L,I,I,I,I,I,I,I,I,I,I,I,I,I,I,I,I,I,I,I,I,I,I,I,I,I,I,I,I,S,I,I,I,I,I,I,I,I,I,I,S,I,I,I,I,I,I,I,I,I,I,I,I,I,I,I,I,I,I,I,I,I,I,I,I,I,I,I,I,I,I,I,I,I,I,I,I,I,I,I,I,I,I,I,I,I,I,I,I,I,I,I,I,I,I,I,I,L,I,I,I,I,I,I,I,I,I,I,I,L,I,I,I,I,I,I,I,I,I,I,I,I,I,I,S,I,I,I,I,I,I,I,I,I,I,I,I,I,I,I,I,I,L,S,I,I,I,I,I,I,I,I,I,S,I,I
"Lip, oral cavity, and pharynx","Lip, oral cavity, and pharynx",Pharynx,Pharynx,I,I,I,I,I,I,I,I,S,I,I,I,S,I,I,I,I,I,I,I,L,I,I,I,I,I,S,I,I,I,I,L,L,I,I,I,I,I,I,I,I,I,I,I,I,I,I,I,I,I,I,I,I,I,I,I,I,I,I,I,I,NA,I,I,I,I,I,I,I,I,I,I,NA,I,I,I,I,I,I,I,I,NA,I,I,I,I,I,I,I,I,I,I,I,I,I,I,I,I,I,I,I,I,I,I,I,I,I,I,I,I,I,I,I,I,I,I,I,I,I,I,I,I,I,I,I,I,I,I,I,L,I,I,I,I,I,I,I,I,I,I,I,NA,I,I,I,I,I,I,I,I,I,I,I,I,I,I,NA,I,I,I,I,I,I,I,I,I,I,I,I,I,I,I,I,I,L,S,I,I,I,I,I,I,I,I,I,NA,I,I
"Lip, oral cavity, and pharynx","Lip, oral cavity, and pharynx","Lip, oral cavity, and pharynx","Lip, oral cavity, and pharynx",I,I,I,I,I,I,I,I,NA,I,I,I,NA,I,I,I,I,I,I,I,NA,I,I,I,I,I,NA,NA,I,I,I,NA,NA,I,I,I,I,I,I,I,I,I,I,I,I,I,I,I,I,I,I,I,I,I,I,I,I,I,I,I,I,NA,I,I,I,I,I,I,I,I,I,I,NA,I,I,I,I,I,I,I,I,NA,NA,I,I,I,I,I,I,I,I,I,I,I,I,I,I,I,I,I,I,I,I,I,I,NA,I,I,I,I,I,I,I,I,I,I,I,I,I,I,I,I,I,I,I,I,I,I,I,NA,I,I,I,I,I,I,I,I,I,I,I,NA,I,I,I,I,I,I,I,NA,I,I,I,I,I,I,NA,I,I,I,I,I,I,NA,I,I,I,I,I,I,I,I,I,I,NA,NA,I,NA,I,I,I,I,I,I,I,NA,NA,I
Digestive organs,Digestive organs,Oesophagus,Oesophagus (squamous cell carcinoma),I,I,I,I,I,I,I,I,S,I,I,I,S,I,I,I,I,I,I,I,I,I,I,I,I,I,S,S,I,I,I,L,L,I,I,I,I,I,I,I,I,I,I,I,I,I,I,I,I,I,I,I,I,I,I,I,I,I,I,L,I,I,I,I,I,I,I,I,I,I,I,I,I,I,I,I,I,I,I,I,I,I,I,I,I,I,I,I,I,I,I,I,I,I,I,I,I,I,I,I,I,I,I,I,I,I,I,I,I,I,I,I,I,I,I,I,I,I,I,I,I,I,I,I,I,I,I,I,I,L,I,I,I,I,I,I,I,I,I,I,I,L,I,I,I,I,I,I,I,I,I,I,I,I,I,L,I,I,I,I,I,I,I,I,I,I,I,I,I,I,I,I,I,I,I,S,I,S,I,I,I,I,L,I,I,I,S,I
Digestive organs,Digestive organs,Oesophagus,Oesophagus (adenocarcinoma),I,I,I,I,I,I,I,I,S,I,I,I,S,I,I,I,I,I,I,I,I,I,I,I,I,I,S,S,I,I,I,L,L,I,I,I,I,I,I,I,I,I,I,I,I,I,I,I,I,I,I,I,I,I,I,I,I,I,I,L,I,I,I,I,I,I,I,I,I,I,I,I,I,I,I,I,I,I,I,I,I,I,I,I,I,I,I,I,I,I,I,I,I,I,I,I,I,I,I,I,I,I,I,I,I,I,I,I,I,I,I,I,I,I,I,I,I,I,I,I,I,I,I,I,I,I,I,I,I,L,I,I,I,I,I,I,I,I,I,I,I,L,I,I,I,I,I,I,I,I,I,I,I,I,I,L,I,I,I,I,I,I,I,I,I,I,I,I,I,I,I,I,I,I,I,S,I,S,I,I,I,I,I,I,I,I,S,I
Digestive organs,Digestive organs,Oesophagus,Oesophagus,I,I,I,I,I,I,I,I,S,I,I,I,S,I,I,I,I,I,I,I,I,I,I,I,I,I,S,S,I,I,I,L,L,I,I,I,I,I,I,I,I,I,I,I,I,I,I,I,I,I,I,I,I,I,I,I,I,I,I,L,I,I,I,I,I,I,I,I,I,I,I,I,I,I,I,I,I,I,I,I,I,I,I,I,I,I,I,I,I,I,I,I,I,I,I,I,I,I,I,I,I,I,I,I,I,I,I,I,I,I,I,I,I,I,I,I,I,I,I,I,I,I,I,I,I,I,I,I,I,L,I,I,I,I,I,I,I,I,I,I,I,L,I,I,I,I,I,I,I,I,I,I,I,I,I,L,I,I,I,I,I,I,I,I,I,I,I,I,I,I,I,I,I,I,I,S,I,S,I,I,I,I,NA,I,I,I,S,I
Digestive organs,Digestive organs,Stomach,Stomach,I,I,I,I,I,I,I,I,I,I,I,I,I,I,I,I,I,I,I,L,L,I,I,I,I,I,I,I,I,I,I,I,I,I,I,I,I,I,I,I,I,I,I,I,I,I,I,I,I,I,I,I,I,I,I,I,I,I,I,I,I,L,I,I,I,I,I,I,I,I,I,I,I,I,I,I,I,S,I,I,I,I,I,I,I,I,I,I,I,I,I,I,I,I,I,I,I,I,I,I,I,I,I,I,I,I,I,I,I,L,I,I,I,I,I,I,I,I,I,I,I,I,I,I,I,L,I,I,I,L,I,I,I,I,I,I,I,I,I,I,I,L,I,I,I,I,I,L,I,I,I,I,I,I,I,S,L,I,I,I,I,I,I,I,I,I,I,I,I,I,I,I,I,I,I,S,I,I,I,I,I,I,I,I,I,I,S,I
Digestive organs,Digestive organs,Colon and rectum,Colon,I,I,I,I,I,I,I,I,I,I,I,I,S,I,I,I,I,I,I,I,L,I,I,I,I,I,I,I,I,I,I,I,I,I,I,I,I,I,I,I,I,I,I,I,I,I,I,I,I,I,I,I,I,I,I,I,I,I,I,I,I,I,I,I,I,I,I,I,I,I,I,I,I,I,I,I,I,I,I,I,I,I,I,I,I,I,I,I,I,I,I,I,I,I,I,I,I,I,I,I,I,I,I,I,I,I,I,I,I,I,I,I,I,I,I,I,I,I,I,I,I,I,I,I,L,I,I,I,I,I,I,I,I,I,I,I,I,I,I,I,I,I,I,I,I,I,I,S,I,I,I,I,I,I,L,I,I,I,L,I,I,I,I,I,I,I,I,I,I,I,I,I,I,I,I,S,I,I,I,I,I,I,I,I,I,I,S,I
Digestive organs,Digestive organs,Colon and rectum,Rectum,I,I,I,I,I,I,I,I,I,I,I,I,S,I,I,I,I,I,I,I,L,I,I,I,I,I,I,I,I,I,I,I,I,I,I,I,I,I,I,I,I,I,I,I,I,I,I,I,I,I,I,I,I,I,I,I,I,I,I,I,I,I,I,I,I,I,I,I,I,I,I,I,I,I,I,I,I,I,I,I,I,I,I,I,I,I,I,I,I,I,I,I,I,I,I,I,I,I,I,I,I,I,I,I,I,I,I,I,I,I,I,I,I,I,I,I,I,I,I,I,I,I,I,I,L,I,I,I,I,I,I,I,I,I,I,I,I,I,I,I,I,I,I,I,I,I,I,S,I,I,I,I,I,I,L,I,I,I,L,I,I,I,I,I,I,I,I,I,I,I,I,I,I,I,I,S,I,I,I,I,I,I,I,I,I,I,L,I
Digestive organs,Digestive organs,Colon and rectum,Colon and rectum,I,I,I,I,I,I,I,I,I,I,I,I,S,I,I,I,I,I,I,I,L,I,I,I,I,I,I,I,I,I,I,I,I,I,I,I,I,I,I,I,I,I,I,I,I,I,I,I,I,I,I,I,I,I,I,I,I,I,I,I,I,I,I,I,I,I,I,I,I,I,I,I,I,I,I,I,I,I,I,I,I,I,I,I,I,I,I,I,I,I,I,I,I,I,I,I,I,I,I,I,I,I,I,I,I,I,I,I,I,I,I,I,I,I,I,I,I,I,I,I,I,I,I,I,L,I,I,I,I,I,I,I,I,I,I,I,I,I,I,I,I,I,I,I,I,I,I,S,I,I,I,I,I,I,L,I,I,I,L,I,I,I,I,I,I,I,I,I,I,I,I,I,I,I,I,S,I,I,I,I,I,I,I,I,I,I,NA,I
Digestive organs,Digestive organs,Anus,Anus,I,I,I,I,I,I,I,I,I,I,I,I,I,I,I,I,I,I,I,I,I,I,I,I,I,I,I,I,I,I,I,I,I,I,I,I,I,I,I,I,I,I,I,I,I,I,I,I,I,I,I,I,I,I,I,I,I,I,I,I,I,I,I,I,I,I,I,I,I,I,I,I,I,I,I,I,I,I,I,I,S,S,L,I,I,L,I,I,I,I,I,I,I,I,I,I,I,I,I,I,I,I,I,I,I,I,I,I,I,I,I,I,I,I,I,I,I,I,I,I,I,I,I,I,I,I,I,I,I,I,I,I,I,I,I,I,I,I,I,I,I,I,I,I,I,I,I,I,I,I,I,I,I,I,I,I,I,I,I,I,I,I,I,I,I,I,I,I,I,I,I,I,I,I,I,I,I,I,I,I,I,I,I,I,I,I,I,I
Digestive organs,Digestive organs,Liver and bile duct,Liver,I,I,I,I,I,I,I,I,I,I,I,S,S,I,I,L,I,I,L,I,I,I,I,I,I,I,I,L,I,I,I,I,I,I,I,I,I,I,I,I,I,I,I,I,I,I,I,I,I,I,I,I,L,I,I,I,I,I,I,I,I,I,I,I,I,S,I,I,I,I,I,I,I,I,I,I,I,I,S,S,L,I,I,I,I,I,I,I,I,I,I,I,I,I,I,I,I,I,I,I,I,I,I,I,I,I,I,I,I,I,I,I,I,I,I,I,I,I,I,I,I,I,I,I,I,I,I,I,I,I,I,I,I,I,I,I,I,I,I,I,I,I,I,S,I,I,I,I,I,I,I,I,I,I,I,I,I,I,L,I,I,I,I,I,I,I,I,I,I,I,I,I,I,S,I,S,S,I,I,L,I,I,I,S,I,I,L,I
Digestive organs,Digestive organs,Liver and bile duct,Bile duct,I,S,I,I,I,I,I,I,I,I,I,I,I,I,I,L,I,I,L,I,I,I,I,I,I,I,I,L,I,I,I,I,I,I,I,I,I,I,I,I,I,I,S,I,I,I,I,I,I,I,I,I,L,I,L,I,I,I,I,I,I,I,I,I,I,I,I,I,I,I,I,I,I,I,I,I,I,I,L,L,I,I,I,I,I,I,I,I,I,I,I,I,I,I,I,I,I,I,I,I,I,I,I,I,I,I,I,I,I,I,I,I,I,I,I,I,I,I,I,I,I,I,I,I,I,I,I,I,S,I,I,I,I,I,I,I,I,I,I,I,I,I,I,S,I,I,I,I,I,I,I,I,I,I,I,I,I,I,L,I,I,I,I,I,I,I,I,I,I,I,I,I,I,S,I,S,I,I,I,L,I,I,I,I,I,I,L,I
Digestive organs,Digestive organs,Liver and bile duct,Liver and bile duct,I,NA,I,I,I,I,I,I,I,I,I,NA,NA,I,I,L,I,I,L,I,I,I,I,I,I,I,I,L,I,I,I,I,I,I,I,I,I,I,I,I,I,I,NA,I,I,I,I,I,I,I,I,I,L,I,NA,I,I,I,I,I,I,I,I,I,I,NA,I,I,I,I,I,I,I,I,I,I,I,I,NA,NA,NA,I,I,I,I,I,I,I,I,I,I,I,I,I,I,I,I,I,I,I,I,I,I,I,I,I,I,I,I,I,I,I,I,I,I,I,I,I,I,I,I,I,I,I,I,I,I,I,NA,I,I,I,I,I,I,I,I,I,I,I,I,I,I,S,I,I,I,I,I,I,I,I,I,I,I,I,I,I,L,I,I,I,I,I,I,I,I,I,I,I,I,I,I,S,I,S,NA,I,I,L,I,I,I,NA,I,I,L,I
Digestive organs,Digestive organs,Gall bladder,Gall bladder,I,I,I,I,I,I,I,I,I,I,I,I,I,I,I,I,I,I,I,I,I,I,I,I,I,I,I,I,I,I,I,I,I,I,I,I,I,I,I,I,I,I,I,I,I,I,I,I,I,I,I,I,I,I,I,I,I,I,I,I,I,I,I,I,I,I,I,I,I,I,I,I,I,I,I,I,I,I,I,I,I,I,I,I,I,I,I,I,I,I,I,I,I,I,I,I,I,I,I,I,I,I,I,I,I,I,I,I,I,I,I,I,I,I,I,I,I,I,I,I,I,I,I,I,I,I,I,I,I,I,I,I,I,I,I,I,I,I,I,I,I,I,I,I,I,I,I,I,I,I,I,I,I,I,I,I,I,I,I,I,I,I,I,I,I,I,I,I,I,I,I,I,I,S,I,I,I,I,I,I,I,I,I,I,I,I,I,I
Digestive organs,Digestive organs,Pancreas,Pancreas,I,I,I,I,I,I,I,I,I,I,I,I,L,I,I,I,I,I,I,I,I,I,I,I,I,I,I,I,I,I,I,I,I,I,I,I,I,I,I,I,I,I,I,I,I,I,I,I,I,I,I,I,I,I,I,I,I,I,I,I,I,I,I,I,I,I,I,I,I,I,I,I,I,I,I,I,I,I,I,I,I,I,I,I,I,I,I,I,I,I,I,I,I,I,I,I,I,I,I,I,I,I,I,I,I,I,I,I,I,I,I,I,I,I,I,I,I,I,I,I,I,I,I,I,I,I,I,I,I,L,I,I,I,I,I,I,I,I,I,I,I,I,I,I,I,I,I,I,I,I,I,I,I,I,L,I,I,I,I,I,I,I,I,I,I,I,I,I,I,I,I,I,I,L,I,S,I,S,I,I,I,I,I,I,I,I,L,I
Digestive organs,Digestive organs,"Digestive tract, unspecified","Digestive tract, unspecified",I,I,I,I,I,I,I,I,I,I,I,I,I,I,I,I,I,I,I,I,I,I,I,I,I,I,I,I,I,I,I,I,I,I,I,I,I,I,I,I,I,I,I,I,I,I,I,I,I,I,I,I,I,I,I,I,I,I,I,I,I,I,I,I,I,I,I,I,I,I,I,I,I,I,I,I,I,I,I,I,I,I,I,I,I,I,I,I,I,I,I,I,I,I,I,I,I,I,I,I,I,I,I,I,I,I,I,I,I,I,I,I,I,I,I,I,I,I,I,I,I,I,I,I,I,I,I,I,I,I,I,I,I,I,I,I,I,I,I,I,I,I,I,I,I,I,I,I,I,L,I,I,I,I,I,I,I,I,I,I,I,I,I,I,I,I,I,I,I,I,I,I,I,I,I,I,I,I,I,I,I,I,I,I,I,I,I,I
Digestive organs,Digestive organs,Digestive organs,Digestive organs,I,NA,I,I,I,I,I,I,NA,I,I,NA,NA,I,I,NA,I,I,NA,NA,NA,I,I,I,I,I,I,NA,I,I,I,NA,NA,I,I,I,I,I,I,I,I,I,NA,I,I,I,I,I,I,I,I,I,NA,I,NA,I,I,I,I,NA,I,NA,I,I,I,NA,I,I,I,I,I,I,I,I,I,I,I,NA,NA,NA,NA,NA,NA,I,I,NA,I,I,I,I,I,I,I,I,I,I,I,I,I,I,I,I,I,I,I,I,I,I,I,NA,I,I,I,I,I,I,I,I,I,I,I,I,I,I,NA,NA,I,I,NA,NA,I,I,I,I,I,I,I,I,I,I,I,NA,I,NA,I,I,I,NA,I,NA,I,I,I,I,NA,NA,NA,I,NA,I,I,I,I,I,I,I,I,I,I,I,I,I,I,NA,I,NA,NA,NA,I,NA,I,I,NA,NA,I,I,NA,I
Respiratory and intrathoracic organs,Respiratory and intrathoracic organs,Nasal cavity and paranasal sinus,Nasal cavity and paranasal sinus,I,I,I,I,I,I,I,I,I,I,I,I,I,I,I,I,I,I,I,I,I,I,I,I,I,I,I,I,I,I,I,I,I,I,I,I,L,I,I,I,I,L,I,I,I,I,I,I,I,I,I,I,I,I,I,I,I,I,I,I,I,I,I,I,I,I,I,I,I,I,I,I,L,I,I,I,I,I,I,I,I,I,I,I,I,I,I,I,I,I,I,I,I,I,I,I,I,I,I,I,I,I,I,I,I,I,I,S,I,I,S,I,I,I,I,I,I,I,I,I,I,I,I,S,I,I,I,I,I,I,I,I,I,I,I,I,I,I,I,I,I,I,I,I,I,I,I,I,I,I,I,S,S,I,I,I,I,I,I,I,I,I,I,I,I,I,I,I,I,I,I,L,I,I,I,S,I,I,I,I,I,I,I,I,I,S,I,I
Respiratory and intrathoracic organs,Respiratory and intrathoracic organs,Larynx,Larynx,I,I,I,I,I,I,I,I,S,I,S,I,S,I,I,I,I,I,I,I,S,I,I,I,I,I,I,I,I,I,I,L,L,I,I,I,I,I,I,I,I,I,I,I,I,I,I,I,I,I,I,I,I,I,I,I,I,I,I,I,I,I,I,I,I,I,I,I,I,I,I,I,I,I,I,I,I,I,I,I,I,L,L,I,I,I,I,I,I,I,I,I,I,I,I,I,I,I,I,I,I,I,I,I,I,I,I,I,I,I,I,I,I,I,I,I,I,I,I,I,I,I,I,I,I,I,I,I,I,S,I,I,I,I,I,I,I,I,I,I,I,I,I,I,I,I,I,I,I,I,I,I,I,I,I,L,I,I,I,I,I,I,I,I,I,I,L,I,I,I,I,I,I,I,L,S,I,I,I,I,I,I,I,I,I,I,I,I
Respiratory and intrathoracic organs,Respiratory and intrathoracic organs,Lung,Lung,I,I,I,L,I,I,I,I,I,S,L,I,I,L,S,I,I,I,S,L,S,I,I,L,I,S,I,I,L,S,I,L,L,I,S,L,I,I,I,I,I,S,I,S,S,I,S,L,S,L,I,I,I,L,I,I,I,I,I,I,S,I,I,I,I,I,I,I,I,I,I,I,I,L,I,S,I,I,I,I,I,I,I,I,I,I,I,I,I,I,I,I,I,I,I,I,I,I,I,I,I,I,I,I,L,I,S,I,I,I,I,I,I,I,I,I,I,I,I,I,I,S,I,S,I,I,I,L,I,S,I,S,S,I,S,I,I,I,I,I,I,I,I,S,I,I,L,I,I,I,I,I,I,S,I,S,I,I,I,I,I,S,L,I,S,I,S,I,I,I,I,I,I,I,S,S,I,I,I,I,I,I,I,I,S,I,S,I
Respiratory and intrathoracic organs,Respiratory and intrathoracic organs,Respiratory and intrathoracic organs,Respiratory and intrathoracic organs,I,I,I,NA,I,I,I,I,NA,NA,NA,I,I,NA,NA,I,I,I,NA,NA,NA,I,I,NA,I,NA,I,I,NA,NA,I,NA,NA,I,NA,NA,NA,I,I,I,I,NA,I,NA,NA,I,NA,NA,NA,NA,I,I,I,NA,I,I,I,I,I,I,NA,I,I,I,I,I,I,I,I,I,I,I,NA,NA,I,NA,I,I,I,I,I,NA,NA,I,I,I,I,I,I,I,I,I,I,I,I,I,I,I,I,I,I,I,I,I,NA,I,NA,NA,I,I,NA,I,I,I,I,I,I,I,I,I,I,NA,I,NA,I,I,I,NA,I,NA,I,NA,NA,I,NA,I,I,I,I,I,I,I,I,NA,I,I,NA,I,I,I,I,NA,NA,NA,I,NA,I,I,I,I,I,NA,NA,I,NA,I,NA,I,I,I,I,NA,I,I,NA,S,I,I,I,I,I,I,I,I,NA,NA,NA,I
"Upper aerodigestive tract (oral cavity, pharynx, larynx, oesophagus)","Upper aerodigestive tract (oral cavity, pharynx, larynx, oesophagus)","Upper aerodigestive tract (oral cavity, pharynx, larynx, oesophagus)","Upper aerodigestive tract (oral cavity, pharynx, larynx, oesophagus)",I,I,I,I,I,I,I,I,S,I,NA,I,S,I,I,I,I,I,I,I,NA,I,I,I,I,I,NA,NA,I,I,I,L,L,I,I,I,I,I,I,I,I,I,I,I,I,I,I,I,I,I,I,I,I,I,I,I,I,I,I,NA,I,NA,I,I,I,I,I,I,I,I,I,I,NA,I,I,I,I,I,I,I,I,NA,NA,I,I,I,I,I,I,I,I,I,I,I,I,I,I,I,I,I,I,I,I,I,I,I,I,I,I,I,I,I,I,I,I,I,I,I,I,I,I,I,I,I,I,I,I,I,I,NA,I,I,I,I,I,I,I,I,I,I,I,NA,I,I,I,I,I,I,I,I,I,I,I,I,I,NA,NA,I,I,I,I,I,I,I,I,I,NA,I,I,I,I,I,I,I,NA,S,I,NA,I,I,I,I,NA,I,I,NA,NA,I
Bone,Bone,Bone,Bone,I,I,I,I,I,I,I,I,I,I,I,I,I,I,I,I,I,I,I,I,I,I,I,I,I,I,I,I,I,I,I,I,I,I,I,I,I,I,I,I,I,I,I,I,I,I,I,I,I,I,I,I,I,I,I,I,I,I,I,I,I,I,I,I,I,I,I,I,I,I,I,I,I,I,I,I,I,I,I,I,I,I,I,I,I,I,I,I,I,I,I,I,I,I,I,I,I,I,I,I,I,I,I,I,I,I,I,I,I,I,I,I,I,I,I,I,I,I,I,I,I,I,I,I,I,I,I,I,I,I,I,I,I,I,I,I,I,I,I,I,I,I,I,S,I,I,I,I,I,L,S,S,S,I,I,I,I,I,I,I,I,I,I,I,I,I,I,I,I,I,I,I,I,I,I,I,I,I,I,I,I,I,I,I,I,I,S,I
Skin,Skin,Skin (melanoma),Skin (melanoma),I,I,I,I,I,I,I,I,I,I,I,I,I,I,I,I,I,I,I,I,I,I,I,I,I,I,I,I,I,I,I,I,I,I,I,I,I,I,I,I,I,I,I,I,I,I,I,I,I,I,I,I,I,I,I,I,I,I,I,I,I,I,I,I,I,I,I,I,I,I,I,I,I,I,I,I,I,I,I,I,I,I,I,I,I,I,I,I,I,I,I,I,I,I,I,I,I,I,I,I,I,I,I,I,I,I,I,I,I,I,I,I,I,I,I,I,I,I,I,I,I,I,I,I,I,I,I,I,I,I,I,I,I,I,I,I,I,L,I,I,I,I,I,I,S,I,I,I,I,I,I,I,I,I,I,I,I,I,I,I,I,I,I,S,I,I,I,I,I,I,I,I,I,I,I,I,I,I,I,I,I,S,I,I,I,I,I,I
Skin,Skin,Skin (malignant non-melanoma),Skin (malignant non-melanoma),I,I,I,I,I,I,I,I,I,I,I,I,I,I,I,I,I,I,S,I,I,I,S,I,I,I,I,I,I,I,I,I,I,I,I,I,I,I,I,I,I,I,I,I,I,S,I,I,I,L,I,S,I,I,I,I,I,I,I,I,I,I,I,I,I,I,I,I,I,I,I,I,I,I,I,I,I,I,I,I,L,I,I,I,I,I,I,I,I,L,I,I,I,I,I,I,I,I,I,I,I,L,I,I,I,L,I,I,I,I,I,I,I,I,I,I,I,L,S,S,I,I,I,I,I,I,L,I,I,I,I,I,I,I,I,I,I,L,I,I,I,I,I,I,I,I,I,I,I,I,I,I,I,I,I,I,I,I,I,I,S,I,I,S,S,I,I,I,I,I,I,I,I,I,I,I,I,I,I,I,I,L,I,I,I,I,S,I
Skin,Skin,Skin,Skin,I,I,I,I,I,I,I,I,I,I,I,I,I,I,I,I,I,I,NA,I,I,I,NA,I,I,I,I,I,I,I,I,I,I,I,I,I,I,I,I,I,I,I,I,I,I,NA,I,I,I,NA,I,NA,I,I,I,I,I,I,I,I,I,I,I,I,I,I,I,I,I,I,I,I,I,I,I,I,I,I,I,I,NA,I,I,I,I,I,I,I,I,NA,I,I,I,I,I,I,I,I,I,I,I,NA,I,I,I,NA,I,I,I,I,I,I,I,I,I,I,I,NA,NA,NA,I,I,I,I,I,I,NA,I,I,I,I,I,I,I,I,I,I,L,I,I,I,I,I,I,NA,I,I,I,I,I,I,I,I,I,I,I,I,I,I,I,NA,I,I,S,NA,I,I,I,I,I,I,I,I,I,I,I,I,I,I,I,I,NA,I,I,I,I,NA,I
"Mesothelium, endothelium and soft tissue",Mesothelium,Mesothelium (pleura),Mesothelium (pleura),I,I,I,I,I,I,I,I,I,I,I,I,I,I,I,I,I,I,I,I,S,I,I,I,I,I,I,I,I,I,I,I,I,I,I,I,I,I,I,I,I,I,I,I,I,I,I,I,I,I,I,I,I,I,I,I,I,I,I,I,I,I,S,I,I,I,I,I,I,I,I,S,I,I,I,I,I,I,I,I,I,I,I,I,I,I,I,I,I,I,I,I,I,I,I,I,I,I,I,I,I,I,I,I,I,I,I,I,I,I,I,I,I,I,I,I,I,I,I,I,I,I,I,I,I,I,I,I,I,I,I,I,I,I,S,I,I,I,I,I,I,I,I,I,I,I,I,I,I,I,I,I,I,I,I,I,I,I,I,I,I,I,I,I,I,I,I,I,I,I,I,I,I,I,I,I,I,I,I,I,I,I,I,I,I,I,I,I
"Mesothelium, endothelium and soft tissue",Mesothelium,Mesothelium (peritoneum and other),Mesothelium (peritoneum and other),I,I,I,I,I,I,I,I,I,I,I,I,I,I,I,I,I,I,I,I,S,I,I,I,I,I,I,I,I,I,I,I,I,I,I,I,I,I,I,I,I,I,I,I,I,I,I,I,I,I,I,I,I,I,I,I,I,I,I,I,I,I,S,I,I,I,I,I,I,I,I,S,I,I,I,I,I,I,I,I,I,I,I,I,I,I,I,I,I,I,I,I,I,I,I,I,I,I,I,I,I,I,I,I,I,I,I,I,I,I,I,I,I,I,I,I,I,I,I,I,I,I,I,I,I,I,I,I,I,I,I,I,I,I,S,I,I,I,I,I,I,I,I,I,I,I,I,I,I,I,I,I,I,I,I,I,I,I,I,I,I,I,I,I,I,I,I,I,I,I,I,I,I,I,I,I,I,I,I,I,I,I,I,I,I,I,I,I
"Mesothelium, endothelium and soft tissue",Mesothelium,Mesothelium,Mesothelium,I,I,I,I,I,I,I,I,I,I,I,I,I,I,I,I,I,I,I,I,S,I,I,I,I,I,I,I,I,I,I,I,I,I,I,I,I,I,I,I,I,I,I,I,I,I,I,I,I,I,I,I,I,I,I,I,I,I,I,I,I,I,S,I,I,I,I,I,I,I,I,S,I,I,I,I,I,I,I,I,I,I,I,I,I,I,I,I,I,I,I,I,I,I,I,I,I,I,I,I,I,I,I,I,I,I,I,I,I,I,I,I,I,I,I,I,I,I,I,I,I,I,I,I,I,I,I,I,I,I,I,I,I,I,S,I,I,I,I,I,I,I,I,I,I,I,I,I,I,I,I,I,I,I,I,I,I,I,I,I,I,I,I,I,I,I,I,I,I,I,I,I,I,I,I,I,I,I,I,I,I,I,I,I,I,I,I,I
"Mesothelium, endothelium and soft tissue","Bone, endothelium",Endothelium (Kaposi sarcoma),Endothelium (Kaposi sarcoma),I,I,I,I,I,I,I,I,I,I,I,I,I,I,I,I,I,I,I,I,I,I,I,I,I,I,I,I,I,I,I,I,I,I,I,I,I,I,I,I,I,I,I,I,I,I,I,I,I,I,I,I,I,I,I,I,I,I,I,I,I,I,I,I,I,I,I,I,I,I,I,I,I,I,I,I,I,I,I,I,S,I,I,I,I,I,I,I,I,I,I,I,I,I,I,I,I,I,I,I,I,I,I,I,I,I,I,I,S,I,I,I,I,I,I,I,I,I,I,I,I,I,I,I,I,I,I,I,I,I,I,I,I,I,I,I,I,I,I,I,I,I,I,I,I,I,I,I,I,I,I,I,I,I,I,I,I,I,I,I,I,I,I,I,I,I,I,I,I,I,I,I,I,I,I,I,I,I,I,I,I,I,I,I,I,I,I,I
"Mesothelium, endothelium and soft tissue",Soft tissue,Soft tissue,Soft tissue,I,I,I,L,I,I,I,I,I,I,I,I,I,I,I,I,I,I,I,I,I,I,I,I,I,I,I,I,I,I,I,I,I,I,I,I,I,I,I,I,I,I,I,I,I,I,I,I,I,I,I,I,I,I,I,I,I,I,I,I,I,I,I,I,I,I,I,I,I,I,I,I,I,I,I,I,I,I,I,I,I,I,I,I,I,I,I,I,I,I,I,I,I,I,I,I,I,I,I,I,I,I,I,I,I,I,I,I,I,I,I,I,I,I,I,I,I,I,I,I,I,I,I,I,I,I,I,I,I,I,I,I,I,I,I,I,I,I,I,I,I,I,I,I,I,L,I,I,I,L,I,I,I,I,I,I,I,I,I,I,I,I,I,I,I,I,I,I,I,I,I,I,I,I,I,I,I,I,I,I,I,I,I,I,I,I,I,I
"Mesothelium, endothelium and soft tissue","Mesothelium, endothelium and soft tissue","Mesothelium, endothelium and soft tissue","Mesothelium, endothelium and soft tissue",I,I,I,NA,I,I,I,I,I,I,I,I,I,I,I,I,I,I,I,I,NA,I,I,I,I,I,I,I,I,I,I,I,I,I,I,I,I,I,I,I,I,I,I,I,I,I,I,I,I,I,I,I,I,I,I,I,I,I,I,I,I,I,NA,I,I,I,I,I,I,I,I,NA,I,I,I,I,I,I,I,I,NA,I,I,I,I,I,I,I,I,I,I,I,I,I,I,I,I,I,I,I,I,I,I,I,I,I,I,I,NA,I,I,I,I,I,I,I,I,I,I,I,I,I,I,I,I,I,I,I,I,I,I,I,I,I,NA,I,I,I,I,I,I,I,I,I,I,NA,I,I,I,NA,I,I,I,I,I,I,I,I,I,I,I,I,I,I,I,I,I,I,I,I,I,I,I,I,I,I,I,I,I,I,I,I,I,I,I,I,I,I
Breast,Breast,Breast,Breast,I,I,I,I,I,I,I,I,I,I,I,I,S,I,I,I,I,I,I,I,I,I,I,I,I,I,I,I,I,I,I,I,I,I,I,I,I,I,I,I,I,I,I,I,I,I,I,I,I,I,I,I,I,I,I,L,S,I,L,I,I,I,I,L,S,S,L,I,I,I,I,I,I,I,I,I,I,I,I,I,I,I,I,I,I,I,I,I,I,I,I,I,I,I,I,I,I,I,I,I,I,I,I,I,I,I,I,I,I,I,I,I,I,I,I,I,I,I,I,I,I,I,I,I,L,I,I,I,I,I,I,I,I,I,I,I,I,I,I,I,I,I,I,I,L,I,I,I,I,I,I,I,I,I,I,I,I,I,I,I,I,I,I,I,I,I,I,I,I,I,I,I,I,I,I,L,I,I,I,I,I,I,I,I,I,I,S,I
Female genital organs,Female genital organs,Vulva,Vulva,I,I,I,I,I,I,I,I,I,I,I,I,I,I,I,I,I,I,I,I,I,I,I,I,I,I,I,I,I,I,I,I,I,I,I,I,I,I,I,I,I,I,I,I,I,I,I,I,I,I,I,I,I,I,I,I,I,I,I,I,I,I,I,I,I,I,I,I,I,I,I,I,I,I,I,I,I,I,I,I,L,S,L,I,I,L,I,I,I,I,I,I,I,I,I,I,I,I,I,I,I,I,I,I,I,I,I,I,I,I,I,I,I,I,I,I,I,I,I,I,I,I,I,I,I,I,I,I,I,I,I,I,I,I,I,I,I,I,I,I,I,I,I,I,I,I,I,I,I,I,I,I,I,I,I,I,I,I,I,I,I,I,I,I,I,I,I,I,I,I,I,I,I,I,I,I,I,I,I,I,I,I,I,I,I,I,I,I
Female genital organs,Female genital organs,Vagina,Vagina,I,I,I,I,I,I,I,I,I,I,I,I,I,I,I,I,I,I,I,I,I,I,I,I,I,I,I,I,I,I,I,I,I,I,I,I,I,I,I,I,I,I,I,I,I,I,I,I,I,I,I,I,I,I,I,I,I,S,I,I,I,I,I,I,I,I,I,I,I,I,I,I,I,I,I,I,I,I,I,I,L,S,I,I,I,I,I,I,I,I,I,I,I,I,I,I,I,I,I,I,I,I,I,I,I,I,I,I,I,I,I,I,I,I,I,I,I,I,I,I,I,I,I,I,I,I,I,I,I,I,I,I,I,I,I,I,I,I,I,I,I,I,I,I,I,I,I,I,I,I,I,I,I,I,I,I,I,I,I,I,I,I,I,I,I,I,I,I,I,I,I,I,I,I,I,I,I,I,I,I,I,I,I,I,I,I,I,I
Female genital organs,Female genital organs,Uterine cervix,Uterine cervix,I,I,I,I,I,I,I,I,I,I,I,I,I,I,I,I,I,I,I,I,I,I,I,I,I,I,I,I,I,I,I,I,I,I,I,I,I,I,I,I,I,I,I,I,I,I,I,I,I,I,I,I,I,I,I,I,I,S,I,I,I,I,I,I,I,S,I,I,I,I,I,I,I,I,I,I,I,I,I,I,S,S,S,L,S,S,S,S,S,I,S,S,L,S,S,S,L,L,L,L,L,I,L,I,I,I,I,I,I,I,I,I,I,I,I,I,I,I,I,I,I,I,I,I,I,I,I,I,I,I,I,I,I,I,I,I,I,I,I,I,I,I,I,I,I,I,I,I,I,I,I,I,I,I,I,I,I,I,I,I,I,I,I,I,I,I,I,I,I,I,I,I,I,I,I,S,I,I,I,I,I,I,I,I,I,I,I,I
Female genital organs,Female genital organs,Endometrium,Endometrium,I,I,I,I,I,I,I,I,I,I,I,I,I,I,I,I,I,I,I,I,I,I,I,I,I,I,I,I,I,I,I,I,I,I,I,I,I,I,I,I,I,I,I,I,I,I,I,I,I,I,I,I,I,I,I,I,L,I,I,I,I,I,I,S,S,I,I,I,I,I,I,I,I,I,I,I,I,I,I,I,I,I,I,I,I,I,I,I,I,I,I,I,I,I,I,I,I,I,I,I,I,I,I,I,I,I,I,I,I,I,I,I,I,I,I,I,I,I,I,I,I,I,I,I,I,I,I,I,I,I,I,I,I,I,I,I,I,I,I,I,I,I,I,I,I,I,I,I,I,I,I,I,I,I,I,I,I,I,I,I,I,I,I,I,I,I,I,I,S,I,I,I,I,I,I,I,I,I,I,I,I,I,I,I,I,I,I,I
Female genital organs,Female genital organs,Ovary,Ovary,I,I,I,I,I,I,I,I,I,I,I,I,I,I,I,I,I,I,I,I,S,I,I,I,I,I,I,I,I,I,I,I,I,I,I,I,I,I,I,I,I,I,I,I,I,I,I,I,I,I,I,I,I,I,I,I,I,I,I,I,I,I,I,S,I,I,I,I,I,I,I,I,I,I,I,I,I,I,I,I,I,I,I,I,I,I,I,I,I,I,I,I,I,I,I,I,I,I,I,I,I,I,I,I,I,I,I,I,I,I,I,I,I,I,I,I,I,I,I,I,I,I,I,I,I,I,I,I,I,I,I,I,I,I,I,I,I,I,I,I,I,I,I,I,I,I,I,I,I,I,I,I,I,I,I,I,I,I,I,I,I,I,I,I,I,I,I,L,I,I,I,I,I,I,I,S,I,I,I,I,I,I,I,I,I,I,L,I
Female genital organs,Female genital organs,Female genital organs,Female genital organs,I,I,I,I,I,I,I,I,I,I,I,I,I,I,I,I,I,I,I,I,NA,I,I,I,I,I,I,I,I,I,I,I,I,I,I,I,I,I,I,I,I,I,I,I,I,I,I,I,I,I,I,I,I,I,I,I,NA,NA,I,I,I,I,I,NA,NA,NA,I,I,I,I,I,I,I,I,I,I,I,I,I,I,NA,NA,NA,NA,NA,NA,NA,NA,NA,I,NA,NA,NA,NA,NA,NA,NA,NA,NA,NA,NA,I,NA,I,I,I,I,I,I,I,I,I,I,I,I,I,I,I,I,I,I,I,I,I,I,I,I,I,I,I,I,I,I,I,I,I,I,I,I,I,I,I,I,I,I,I,I,I,I,I,I,I,I,I,I,I,I,I,I,I,I,I,I,I,I,I,I,NA,NA,I,I,I,I,I,I,NA,I,I,I,I,I,I,I,I,I,I,NA,I
Male genital organs,Male genital organs,Penis,Penis,I,I,I,I,I,I,I,I,I,I,I,I,I,I,I,I,I,I,I,I,I,I,I,I,I,I,I,I,I,I,I,I,I,I,I,I,I,I,I,I,I,I,I,I,I,I,I,I,I,I,I,I,I,I,I,I,I,I,I,I,I,I,I,I,I,I,I,I,I,I,I,I,I,I,I,I,I,I,I,I,L,S,L,I,I,I,I,I,I,I,I,I,I,I,I,I,I,I,I,I,I,I,I,I,I,I,I,I,I,I,I,I,I,I,I,I,I,I,I,I,I,I,I,I,I,I,I,I,I,I,I,I,I,I,I,I,I,I,I,I,I,I,I,I,I,I,I,I,I,I,I,I,I,I,I,I,I,I,I,I,I,I,I,I,I,I,I,I,I,I,I,I,I,I,I,I,I,I,I,I,I,I,I,I,I,I,I,I
Male genital organs,Male genital organs,Prostate,Prostate,I,I,I,I,I,I,I,I,I,I,I,I,I,I,I,L,I,I,L,I,I,I,I,I,I,I,I,I,I,I,I,I,I,I,L,I,I,I,I,I,I,I,I,I,I,I,I,I,I,I,I,I,I,I,I,I,I,I,I,I,I,I,I,I,I,I,I,I,I,L,I,I,I,I,I,I,I,I,I,I,I,I,I,I,I,I,I,I,I,I,I,I,I,I,I,I,I,I,I,I,I,I,I,I,I,I,I,I,I,I,I,I,I,I,I,L,I,I,I,I,I,I,I,I,L,I,I,I,I,I,I,I,I,I,I,I,I,I,I,I,I,I,I,I,I,I,I,I,I,I,I,I,I,I,L,L,I,I,I,I,I,I,I,I,I,I,I,I,I,I,I,I,I,L,I,I,I,I,I,I,I,I,I,I,I,I,L,I
Male genital organs,Male genital organs,Testis,Testis,I,I,I,I,I,I,I,I,I,I,I,I,I,I,I,I,I,I,I,I,I,I,I,I,I,I,I,I,I,I,I,I,I,I,I,I,I,I,I,I,I,I,I,I,I,I,I,I,I,I,I,I,L,I,I,I,I,L,I,I,I,I,I,I,I,I,I,I,I,L,I,I,I,I,I,I,I,I,I,I,I,I,I,I,I,I,I,I,I,I,I,I,I,I,I,I,I,I,I,I,I,I,I,I,I,I,I,I,I,I,I,I,I,I,I,I,I,I,I,I,I,I,L,I,I,I,I,I,I,I,I,I,I,I,I,I,L,I,I,I,I,I,I,I,I,I,I,I,I,I,I,I,I,I,I,I,I,I,I,I,I,I,I,I,I,I,I,I,I,I,I,I,I,I,I,I,I,I,I,I,I,I,I,I,I,I,I,I
Male genital organs,Male genital organs,Male genital organs,Male genital organs,I,I,I,I,I,I,I,I,I,I,I,I,I,I,I,NA,I,I,NA,I,I,I,I,I,I,I,I,I,I,I,I,I,I,I,NA,I,I,I,I,I,I,I,I,I,I,I,I,I,I,I,I,I,NA,I,I,I,I,NA,I,I,I,I,I,I,I,I,I,I,I,NA,I,I,I,I,I,I,I,I,I,I,NA,NA,NA,I,I,I,I,I,I,I,I,I,I,I,I,I,I,I,I,I,I,I,I,I,I,I,I,I,I,I,I,I,I,I,I,NA,I,I,I,I,I,I,NA,I,NA,I,I,I,I,I,I,I,I,I,I,I,NA,I,I,I,I,I,I,I,I,I,I,I,I,I,I,I,I,I,NA,NA,I,I,I,I,I,I,I,I,I,I,I,I,I,I,I,I,I,NA,I,I,I,I,I,I,I,I,I,I,I,I,NA,I
Urinary tract,Urinary tract,Kidney,Kidney,I,I,I,I,I,I,I,I,I,I,I,I,I,I,I,I,I,I,L,I,I,I,I,I,I,I,I,I,I,I,I,I,I,I,L,I,I,I,I,I,I,I,I,I,I,I,I,I,I,I,I,I,I,I,I,I,I,I,I,I,I,I,I,I,I,I,I,I,I,I,I,I,I,I,I,I,I,I,I,I,I,I,I,I,I,I,I,I,I,I,I,I,I,I,I,I,I,I,I,I,I,I,I,I,I,I,I,I,I,I,I,I,I,I,I,I,I,I,I,I,I,I,I,I,I,I,I,I,I,I,I,I,I,I,I,I,L,I,I,I,I,I,I,I,I,I,I,I,I,I,I,I,I,I,I,I,I,I,I,I,I,I,I,I,I,I,I,I,I,I,I,I,I,I,I,S,I,I,I,S,I,I,I,I,L,I,S,I
Urinary tract,Urinary tract,Renal pelvis and ureter,Renal pelvis,I,I,I,I,I,I,I,I,I,I,I,I,I,I,I,I,L,S,I,I,I,I,I,I,I,I,I,I,I,I,I,I,I,I,I,I,I,I,I,I,I,I,I,I,I,I,I,I,I,I,I,I,I,I,I,I,I,I,I,I,I,I,I,I,I,I,I,I,I,I,I,I,I,I,I,I,I,I,I,I,I,I,I,I,I,I,I,I,I,I,I,I,I,I,I,I,I,I,I,I,I,I,I,I,I,I,I,I,I,I,I,I,I,I,I,I,I,I,I,I,I,I,I,I,I,I,I,I,I,I,I,I,I,I,I,I,I,I,S,S,I,I,I,I,I,I,I,I,I,I,I,I,I,I,I,I,I,I,I,I,I,I,I,I,I,I,I,I,I,I,I,I,I,I,I,S,I,I,I,I,I,I,I,I,I,I,I,I
Urinary tract,Urinary tract,Renal pelvis and ureter,Ureter,I,I,I,I,I,I,I,I,I,I,I,I,I,I,I,I,L,S,I,I,I,I,I,I,I,I,I,I,I,I,I,I,I,I,I,I,I,I,I,I,I,I,I,I,I,I,I,I,I,I,I,I,I,I,I,I,I,I,I,I,I,I,I,I,I,I,I,I,I,I,I,I,I,I,I,I,I,I,I,I,I,I,I,I,I,I,I,I,I,I,I,I,I,I,I,I,I,I,I,I,I,I,I,I,I,I,I,I,I,I,I,I,I,I,I,I,I,I,I,I,I,I,I,I,I,I,I,I,I,I,I,I,I,I,I,I,I,I,S,S,I,I,I,I,I,I,I,I,I,I,I,I,I,I,I,I,I,I,I,I,I,I,I,I,I,I,I,I,I,I,I,I,I,I,I,S,I,I,I,I,I,I,I,I,I,I,I,I
Urinary tract,Urinary tract,Renal pelvis and ureter,Renal pelvis and ureter,I,I,I,I,I,I,I,I,I,I,I,I,I,I,I,I,L,S,I,I,I,I,I,I,I,I,I,I,I,I,I,I,I,I,I,I,I,I,I,I,I,I,I,I,I,I,I,I,I,I,I,I,I,I,I,I,I,I,I,I,I,I,I,I,I,I,I,I,I,I,I,I,I,I,I,I,I,I,I,I,I,I,I,I,I,I,I,I,I,I,I,I,I,I,I,I,I,I,I,I,I,I,I,I,I,I,I,I,I,I,I,I,I,I,I,I,I,I,I,I,I,I,I,I,I,I,I,I,I,I,I,I,I,I,I,I,I,I,S,S,I,I,I,I,I,I,I,I,I,I,I,I,I,I,I,I,I,I,I,I,I,I,I,I,I,I,I,I,I,I,I,I,I,I,I,S,I,I,I,I,I,I,I,I,I,I,I,I
Urinary tract,Urinary tract,Urinary bladder,Urinary bladder,I,I,I,I,L,S,S,L,I,I,I,I,I,I,S,I,I,I,S,I,I,S,I,I,S,I,I,I,I,I,I,I,I,I,I,I,I,I,I,S,I,I,I,I,I,I,L,I,I,I,S,I,I,I,I,I,I,I,I,L,L,I,I,I,I,I,I,I,I,I,I,I,I,I,I,I,L,I,I,I,I,I,I,I,I,I,I,I,I,I,I,I,I,I,I,I,I,I,I,I,I,I,I,I,I,I,I,I,I,I,I,I,S,I,I,I,I,I,I,I,I,I,I,I,I,I,I,I,I,S,S,L,I,I,S,I,I,I,I,I,I,I,L,I,I,I,L,I,I,I,I,I,I,I,I,S,I,S,I,I,I,I,I,I,L,I,I,I,I,I,L,L,I,I,I,S,I,I,I,I,I,I,I,I,I,I,S,I
Urinary tract,Urinary tract,Urinary tract,Urinary tract,I,I,I,I,NA,NA,NA,NA,I,I,I,I,I,I,NA,I,NA,NA,NA,I,I,NA,I,I,NA,I,I,I,I,I,I,I,I,I,NA,I,I,I,I,NA,I,I,I,I,I,I,NA,I,I,I,NA,I,I,I,I,I,I,I,I,NA,NA,I,I,I,I,I,I,I,I,I,I,I,I,I,I,I,NA,I,I,I,I,I,I,I,I,I,I,I,I,I,I,I,I,I,I,I,I,I,I,I,I,I,I,I,I,I,I,I,I,I,I,I,NA,I,I,I,I,I,I,I,I,I,I,I,I,I,I,I,I,NA,NA,NA,I,I,NA,I,NA,I,NA,NA,I,I,NA,I,I,I,NA,I,I,I,I,I,I,I,I,NA,I,NA,I,I,I,I,I,I,NA,I,I,I,I,I,NA,NA,I,I,I,S,I,I,I,NA,I,I,I,I,NA,I,NA,I
"Eye, brain and central nervous system",Eye,Eye,Eye,I,I,I,I,I,I,I,I,I,I,I,I,I,I,I,I,I,I,I,I,I,I,I,I,I,I,I,I,I,I,I,I,I,I,I,I,I,I,I,I,I,I,I,I,I,I,I,I,I,I,I,I,I,I,I,I,I,I,I,I,I,I,I,I,I,I,I,I,I,I,I,I,I,I,I,I,I,I,I,I,S,I,I,I,I,I,I,I,I,I,I,I,I,I,I,I,I,I,I,I,I,I,I,I,I,I,I,I,I,I,I,I,I,I,I,I,I,I,I,I,I,I,I,I,I,I,I,I,I,I,I,I,I,I,I,I,I,I,I,I,I,I,I,I,I,I,I,I,I,I,I,I,I,I,I,I,I,I,I,I,I,I,I,L,I,I,I,I,I,I,I,I,I,I,I,I,I,I,I,I,S,S,I,I,I,I,I,I
"Eye, brain and central nervous system",Brain and central nervous system,Brain,Glioma,I,I,I,I,I,I,I,I,I,I,I,I,I,I,I,I,I,I,I,I,I,I,I,I,I,I,I,I,I,I,I,I,I,I,I,I,I,I,I,I,I,I,I,I,I,I,I,I,I,I,I,I,I,I,I,I,I,I,I,I,I,I,I,I,I,I,I,I,I,I,I,I,I,I,I,I,I,I,I,I,I,I,I,I,I,I,I,I,I,I,I,I,I,I,I,I,I,I,I,I,I,I,I,I,I,I,I,I,I,I,I,I,I,I,I,I,I,I,I,I,I,I,I,I,I,I,I,I,I,I,I,I,I,I,I,I,I,I,I,I,I,I,I,I,I,I,I,I,L,I,I,I,I,I,I,I,I,I,I,I,I,I,I,I,I,I,I,I,I,I,I,I,I,I,I,I,I,I,I,I,I,I,I,I,I,I,S,I
"Eye, brain and central nervous system",Brain and central nervous system,Brain,Brain other than glioma,I,I,I,I,I,I,I,I,I,I,I,I,I,I,I,I,I,I,I,I,I,I,I,I,I,I,I,I,I,I,I,I,I,I,I,I,I,I,I,I,I,I,I,I,I,I,I,I,I,I,I,I,I,I,I,I,I,I,I,I,I,I,I,I,I,I,I,I,I,I,I,I,I,I,I,I,I,I,I,I,I,I,I,I,I,I,I,I,I,I,I,I,I,I,I,I,I,I,I,I,I,I,I,I,I,I,I,I,I,I,I,I,I,I,I,I,I,I,I,I,I,I,I,I,I,I,I,I,I,I,I,I,I,I,I,I,I,I,I,I,I,I,I,I,I,I,I,I,I,I,I,I,I,I,I,I,I,I,I,I,I,I,I,I,I,I,I,I,I,I,I,I,I,I,I,I,I,I,I,I,I,I,I,I,I,I,S,I
"Eye, brain and central nervous system",Brain and central nervous system,Brain,Brain,I,I,I,I,I,I,I,I,I,I,I,I,I,I,I,I,I,I,I,I,I,I,I,I,I,I,I,I,I,I,I,I,I,I,I,I,I,I,I,I,I,I,I,I,I,I,I,I,I,I,I,I,I,I,I,I,I,I,I,I,I,I,I,I,I,I,I,I,I,I,I,I,I,I,I,I,I,I,I,I,I,I,I,I,I,I,I,I,I,I,I,I,I,I,I,I,I,I,I,I,I,I,I,I,I,I,I,I,I,I,I,I,I,I,I,I,I,I,I,I,I,I,I,I,I,I,I,I,I,I,I,I,I,I,I,I,I,I,I,I,I,I,I,I,I,I,I,I,NA,I,I,I,I,I,I,I,I,I,I,I,I,I,I,I,I,I,I,I,I,I,I,I,I,I,I,I,I,I,I,I,I,I,I,I,I,I,S,I
"Eye, brain and central nervous system",Brain and central nervous system,"Spinal cord, cranial nerves and other parts of CNS",Acoustic neuroma,I,I,I,I,I,I,I,I,I,I,I,I,I,I,I,I,I,I,I,I,I,I,I,I,I,I,I,I,I,I,I,I,I,I,I,I,I,I,I,I,I,I,I,I,I,I,I,I,I,I,I,I,I,I,I,I,I,I,I,I,I,I,I,I,I,I,I,I,I,I,I,I,I,I,I,I,I,I,I,I,I,I,I,I,I,I,I,I,I,I,I,I,I,I,I,I,I,I,I,I,I,I,I,I,I,I,I,I,I,I,I,I,I,I,I,I,I,I,I,I,I,I,I,I,I,I,I,I,I,I,I,I,I,I,I,I,I,I,I,I,I,I,I,I,I,I,I,I,L,I,I,I,I,I,I,I,I,I,I,I,I,I,I,I,I,I,I,I,I,I,I,I,I,I,I,I,I,I,I,I,I,I,I,I,I,I,S,I
"Eye, brain and central nervous system",Brain and central nervous system,"Spinal cord, cranial nerves and other parts of CNS",CNS other than acoustic neuroma,I,I,I,I,I,I,I,I,I,I,I,I,I,I,I,I,I,I,I,I,I,I,I,I,I,I,I,I,I,I,I,I,I,I,I,I,I,I,I,I,I,I,I,I,I,I,I,I,I,I,I,I,I,I,I,I,I,I,I,I,I,I,I,I,I,I,I,I,I,I,I,I,I,I,I,I,I,I,I,I,I,I,I,I,I,I,I,I,I,I,I,I,I,I,I,I,I,I,I,I,I,I,I,I,I,I,I,I,I,I,I,I,I,I,I,I,I,I,I,I,I,I,I,I,I,I,I,I,I,I,I,I,I,I,I,I,I,I,I,I,I,I,I,I,I,I,I,I,I,I,I,I,I,I,I,I,I,I,I,I,I,I,I,I,I,I,I,I,I,I,I,I,I,I,I,I,I,I,I,I,I,I,I,I,I,I,S,I
"Eye, brain and central nervous system",Brain and central nervous system,"Spinal cord, cranial nerves and other parts of CNS","Spinal cord, cranial nerves and other parts of CNS",I,I,I,I,I,I,I,I,I,I,I,I,I,I,I,I,I,I,I,I,I,I,I,I,I,I,I,I,I,I,I,I,I,I,I,I,I,I,I,I,I,I,I,I,I,I,I,I,I,I,I,I,I,I,I,I,I,I,I,I,I,I,I,I,I,I,I,I,I,I,I,I,I,I,I,I,I,I,I,I,I,I,I,I,I,I,I,I,I,I,I,I,I,I,I,I,I,I,I,I,I,I,I,I,I,I,I,I,I,I,I,I,I,I,I,I,I,I,I,I,I,I,I,I,I,I,I,I,I,I,I,I,I,I,I,I,I,I,I,I,I,I,I,I,I,I,I,I,NA,I,I,I,I,I,I,I,I,I,I,I,I,I,I,I,I,I,I,I,I,I,I,I,I,I,I,I,I,I,I,I,I,I,I,I,I,I,S,I
"Eye, brain and central nervous system",Brain and central nervous system,Brain and central nervous system,Brain and central nervous system,I,I,I,I,I,I,I,I,I,I,I,I,I,I,I,I,I,I,I,I,I,I,I,I,I,I,I,I,I,I,I,I,I,I,I,I,I,I,I,I,I,I,I,I,I,I,I,I,I,I,I,I,I,I,I,I,I,I,I,I,I,I,I,I,I,I,I,I,I,I,I,I,I,I,I,I,I,I,I,I,I,I,I,I,I,I,I,I,I,I,I,I,I,I,I,I,I,I,I,I,I,I,I,I,I,I,I,I,I,I,I,I,I,I,I,I,I,I,I,I,I,I,I,I,I,I,I,I,I,I,I,I,I,I,I,I,I,I,I,I,I,I,I,I,I,I,I,I,NA,I,I,I,I,I,I,I,I,I,I,I,I,I,I,I,I,I,I,I,I,I,I,I,I,I,I,I,I,I,I,I,I,I,I,I,I,I,S,I
"Eye, brain and central nervous system","Eye, brain and central nervous system","Eye, brain and central nervous system","Eye, brain and central nervous system",I,I,I,I,I,I,I,I,I,I,I,I,I,I,I,I,I,I,I,I,I,I,I,I,I,I,I,I,I,I,I,I,I,I,I,I,I,I,I,I,I,I,I,I,I,I,I,I,I,I,I,I,I,I,I,I,I,I,I,I,I,I,I,I,I,I,I,I,I,I,I,I,I,I,I,I,I,I,I,I,NA,I,I,I,I,I,I,I,I,I,I,I,I,I,I,I,I,I,I,I,I,I,I,I,I,I,I,I,I,I,I,I,I,I,I,I,I,I,I,I,I,I,I,I,I,I,I,I,I,I,I,I,I,I,I,I,I,I,I,I,I,I,I,I,I,I,I,I,NA,I,I,I,I,I,I,I,I,I,I,I,I,I,I,NA,I,I,I,I,I,I,I,I,I,I,I,I,I,I,I,I,NA,NA,I,I,I,I,NA,I
Thyroid and other endocrine glands,Thyroid,Thyroid,Thyroid,I,I,I,I,I,I,I,I,I,I,I,I,I,I,I,I,I,I,I,I,I,I,I,I,I,I,I,I,I,I,I,I,I,I,I,I,I,I,I,I,I,I,I,I,I,I,I,I,I,I,I,I,I,I,I,I,I,I,I,I,I,I,I,I,I,I,I,I,I,I,I,I,I,I,I,I,I,I,I,I,I,I,I,I,I,I,I,I,I,I,I,I,I,I,I,I,I,I,I,I,I,I,I,I,I,I,I,I,I,I,I,I,I,I,I,I,I,I,I,I,I,I,I,I,I,I,I,I,I,I,I,I,I,I,I,I,I,I,I,I,I,I,I,I,I,I,I,I,I,S,I,I,I,I,I,I,I,I,I,I,I,I,I,I,I,I,I,I,I,I,I,I,I,I,I,I,I,I,I,I,I,I,I,I,I,I,S,I
Thyroid and other endocrine glands,Endocrine glands other than thyroid,Endocrine glands other than thyroid,Endocrine glands other than thyroid,I,I,I,I,I,I,I,I,I,I,I,I,I,I,I,I,I,I,I,I,I,I,I,I,I,I,I,I,I,I,I,I,I,I,I,I,I,I,I,I,I,I,I,I,I,I,I,I,I,I,I,I,I,I,I,I,I,I,I,I,I,I,I,I,I,I,I,I,I,I,I,I,I,I,I,I,I,I,I,I,I,I,I,I,I,I,I,I,I,I,I,I,I,I,I,I,I,I,I,I,I,I,I,I,I,I,I,I,I,I,I,I,I,I,I,I,I,I,I,I,I,I,I,I,I,I,I,I,I,I,I,I,I,I,I,I,I,I,I,I,I,I,I,I,I,I,I,I,I,I,I,I,I,I,I,I,I,I,I,I,I,I,I,I,I,I,I,I,I,I,I,I,I,I,I,I,I,I,I,I,I,I,I,I,I,I,I,I
Thyroid and other endocrine glands,Thyroid and other endocrine glands,Thyroid and other endocrine glands,Thyroid and other endocrine glands,I,I,I,I,I,I,I,I,I,I,I,I,I,I,I,I,I,I,I,I,I,I,I,I,I,I,I,I,I,I,I,I,I,I,I,I,I,I,I,I,I,I,I,I,I,I,I,I,I,I,I,I,I,I,I,I,I,I,I,I,I,I,I,I,I,I,I,I,I,I,I,I,I,I,I,I,I,I,I,I,I,I,I,I,I,I,I,I,I,I,I,I,I,I,I,I,I,I,I,I,I,I,I,I,I,I,I,I,I,I,I,I,I,I,I,I,I,I,I,I,I,I,I,I,I,I,I,I,I,I,I,I,I,I,I,I,I,I,I,I,I,I,I,I,I,I,I,I,I,NA,I,I,I,I,I,I,I,I,I,I,I,I,I,I,I,I,I,I,I,I,I,I,I,I,I,I,I,I,I,I,I,I,I,I,I,I,NA,I
"Lymphoid, hematopoietic and related tissues",Leukemia,Childhood leukemia,Childhood acute lymphocytic leukemia,I,I,I,I,I,I,I,I,I,I,I,I,I,I,I,I,I,I,I,I,I,I,I,I,I,I,I,I,I,I,I,I,I,I,I,I,I,I,L,I,I,I,I,I,I,I,I,I,I,I,I,I,I,I,I,I,I,I,I,I,I,I,I,I,I,I,I,I,I,I,S,I,I,I,I,I,I,I,I,I,I,I,I,I,I,I,I,I,I,I,I,I,I,I,I,I,I,I,I,I,I,I,I,I,I,I,I,I,I,I,I,I,I,L,I,I,I,I,I,I,I,I,I,I,I,I,I,I,I,I,I,I,I,L,I,I,I,I,I,I,I,I,I,I,I,I,I,I,I,L,I,I,I,I,I,I,I,I,I,I,I,I,I,I,I,I,I,I,I,I,I,I,I,S,I,I,L,I,I,I,I,I,I,I,I,I,S,I
"Lymphoid, hematopoietic and related tissues",Leukemia,Childhood leukemia,Childhood acute myeloid leukemia,I,I,I,I,I,I,I,I,I,I,I,I,I,I,I,I,I,I,I,I,I,I,I,L,I,I,I,I,I,I,I,I,I,I,I,I,I,I,L,I,I,I,I,I,I,I,I,I,I,I,I,I,I,I,I,I,I,I,I,I,I,I,I,I,I,I,I,I,I,I,S,I,I,I,I,I,I,I,I,I,I,I,I,I,I,I,I,I,I,I,I,I,I,I,I,I,I,I,I,I,I,I,I,I,I,I,I,I,I,I,I,I,I,L,I,I,I,I,I,I,I,I,I,I,I,I,I,I,I,I,I,I,I,L,I,I,I,I,I,I,I,I,I,I,I,I,I,I,I,L,I,I,I,I,I,I,I,I,I,I,I,I,I,I,I,I,I,I,I,L,I,I,I,S,I,I,L,I,I,I,I,I,I,I,I,I,S,I
"Lymphoid, hematopoietic and related tissues",Leukemia,Childhood leukemia,Childhood leukemia,I,I,I,I,I,I,I,I,I,I,I,I,I,I,I,I,I,I,I,I,I,I,I,NA,I,I,I,I,I,I,I,I,I,I,I,I,I,I,L,I,I,I,I,I,I,I,I,I,I,I,I,I,I,I,I,I,I,I,I,I,I,I,I,I,I,I,I,I,I,I,S,I,I,I,I,I,I,I,I,I,I,I,I,I,I,I,I,I,I,I,I,I,I,I,I,I,I,I,I,I,I,I,I,I,I,I,I,I,I,I,I,I,I,L,I,I,I,I,I,I,I,I,I,I,I,I,I,I,I,I,I,I,I,L,I,I,I,I,I,I,I,I,I,I,I,I,I,I,I,L,I,I,I,I,I,I,I,I,I,I,I,I,I,I,I,I,I,I,I,NA,I,I,I,S,I,I,L,I,I,I,I,I,I,I,I,I,S,I
"Lymphoid, hematopoietic and related tissues",Leukemia,Acute non-lymphocytic leukemia,Acute myeloid leukemia,I,I,S,I,I,I,I,I,I,I,I,I,I,I,I,I,I,I,I,I,I,I,I,S,I,I,I,I,I,I,L,I,I,S,I,I,I,S,L,I,I,I,I,I,I,I,I,I,I,I,S,I,I,L,I,I,I,I,I,I,I,I,I,I,I,I,I,L,S,I,S,I,S,I,I,I,I,I,I,I,I,I,I,I,I,I,I,I,I,I,I,I,I,I,I,I,I,I,I,I,I,I,I,I,I,I,I,I,I,I,I,I,I,I,I,I,S,I,I,I,L,S,I,I,I,I,L,I,I,I,I,I,I,I,I,I,I,L,I,I,S,I,I,I,I,I,I,I,I,L,I,I,I,L,I,S,I,I,I,S,I,I,I,I,I,L,I,I,I,L,I,I,S,S,I,S,I,I,S,I,I,I,I,I,I,I,S,I
"Lymphoid, hematopoietic and related tissues",Leukemia,Acute non-lymphocytic leukemia,Acute non-lymphocytic leukemia,I,I,S,I,I,I,I,I,I,I,I,I,I,I,I,I,I,I,I,I,I,I,I,S,I,I,I,I,I,I,L,I,I,NA,I,I,I,NA,L,I,I,I,I,I,I,I,I,I,I,I,NA,I,I,L,I,I,I,I,I,I,I,I,I,I,I,I,I,NA,NA,I,S,I,S,I,I,I,I,I,I,I,I,I,I,I,I,I,I,I,I,I,I,I,I,I,I,I,I,I,I,I,I,I,I,I,I,I,I,I,I,I,I,I,I,I,I,I,NA,I,I,I,NA,NA,I,I,I,I,L,I,I,I,I,I,I,I,I,I,I,L,I,I,S,I,I,I,I,I,I,I,I,L,I,I,I,L,I,S,I,I,I,NA,I,I,I,I,I,L,I,I,I,NA,I,I,S,S,I,NA,I,I,NA,I,I,I,I,I,I,I,S,I
"Lymphoid, hematopoietic and related tissues",Leukemia,Chronic myeloid leukemia,Chronic myeloid leukemia,I,I,S,I,I,I,I,I,I,I,I,I,I,I,I,I,I,I,I,I,I,I,I,L,I,I,I,I,I,I,I,I,I,I,I,I,I,I,L,I,I,I,I,I,I,I,I,I,I,I,I,I,I,L,I,I,I,I,I,I,I,I,I,I,I,I,I,I,I,I,S,I,S,I,I,I,I,I,I,I,I,I,I,I,I,I,I,I,I,I,I,I,I,I,I,I,I,I,I,I,I,I,I,I,I,I,I,I,I,I,I,I,I,I,I,I,I,I,I,I,I,I,I,I,I,I,L,I,I,I,I,I,I,I,I,I,I,L,I,I,I,I,I,I,I,I,I,I,I,L,I,I,I,L,I,S,I,I,I,I,I,I,I,I,I,L,I,I,I,I,I,I,S,S,I,S,I,I,I,I,I,I,I,I,I,I,S,I
"Lymphoid, hematopoietic and related tissues",Leukemia,Lymphocytic leukemia,Acute lymphocytic leukemia,I,I,S,I,I,I,I,I,I,I,I,I,I,I,I,I,I,I,I,I,I,I,I,I,I,I,I,I,I,I,I,I,I,I,I,I,I,I,L,I,I,I,I,I,I,I,I,I,I,I,I,I,I,L,I,I,I,I,I,I,I,I,I,I,I,I,I,I,I,I,S,I,I,I,I,I,I,I,I,I,I,I,I,I,I,I,I,I,I,I,I,I,I,I,I,I,I,I,I,I,I,I,I,I,I,I,I,I,I,I,I,I,I,I,I,I,I,I,I,I,I,I,I,I,I,I,L,I,I,I,I,I,I,I,I,I,I,L,I,I,S,I,I,I,I,I,I,I,I,L,I,I,I,L,I,S,I,I,I,I,I,I,I,I,I,L,I,I,I,I,I,I,S,S,I,I,I,I,I,I,I,I,I,I,I,I,S,I
"Lymphoid, hematopoietic and related tissues",Leukemia,Lymphocytic leukemia,Chronic lymphocytic leukemia,I,I,S,I,I,I,I,I,I,I,I,I,I,I,I,I,I,I,I,I,I,I,I,L,I,I,I,I,I,I,I,I,I,I,I,I,I,I,L,I,I,I,I,I,I,I,I,I,I,I,I,I,I,L,I,I,I,I,I,I,I,I,I,I,I,I,L,I,I,I,S,I,I,I,I,I,I,I,I,I,I,I,I,I,I,I,I,I,I,I,I,I,I,I,I,I,I,I,I,I,I,I,I,I,I,I,I,I,I,I,I,I,I,I,I,I,I,I,I,I,I,I,I,I,I,I,L,I,I,I,I,I,I,I,I,I,I,L,I,I,I,I,I,I,I,I,I,I,I,L,I,I,I,L,I,S,I,I,I,I,I,I,I,I,I,L,I,I,I,I,I,I,S,I,I,I,I,I,I,I,I,I,I,I,I,I,I,I
"Lymphoid, hematopoietic and related tissues",Leukemia,Lymphocytic leukemia,Lymphocytic leukemia,I,I,S,I,I,I,I,I,I,I,I,I,I,I,I,I,I,I,I,I,I,I,I,NA,I,I,I,I,I,I,I,I,I,I,I,I,I,I,L,I,I,I,I,I,I,I,I,I,I,I,I,I,I,L,I,I,I,I,I,I,I,I,I,I,I,I,NA,I,I,I,S,I,I,I,I,I,I,I,I,I,I,I,I,I,I,I,I,I,I,I,I,I,I,I,I,I,I,I,I,I,I,I,I,I,I,I,I,I,I,I,I,I,I,I,I,I,I,I,I,I,I,I,I,I,I,I,L,I,I,I,I,I,I,I,I,I,I,L,I,I,NA,I,I,I,I,I,I,I,I,L,I,I,I,L,I,S,I,I,I,I,I,I,I,I,I,L,I,I,I,I,I,I,S,NA,I,I,I,I,I,I,I,I,I,I,I,I,NA,I
"Lymphoid, hematopoietic and related tissues",Leukemia,Leukemia,Adult T-cell leukemia/lymphoma (ATLL),I,I,S,I,I,I,I,I,I,I,I,I,I,I,I,I,I,I,I,I,I,I,I,I,I,I,I,I,I,I,I,I,I,I,I,I,I,I,L,I,I,I,I,I,I,I,I,I,I,I,I,I,I,L,I,I,I,I,I,I,I,I,I,I,I,I,I,I,I,I,S,I,I,I,I,I,I,I,I,I,I,I,I,I,I,I,I,I,I,I,I,I,I,I,I,I,I,I,I,I,I,I,I,S,I,I,I,I,I,I,I,I,I,I,I,I,I,I,I,I,I,I,I,I,I,I,L,I,I,I,I,I,I,I,I,I,I,L,I,I,I,I,I,I,I,I,I,I,I,L,I,I,I,L,I,S,I,I,I,I,I,I,I,I,I,L,I,I,I,I,I,I,S,S,I,I,I,I,I,I,I,I,I,I,I,I,S,I
"Lymphoid, hematopoietic and related tissues",Leukemia,Leukemia Adult (all),Leukemia Adult (All),I,I,S,I,I,I,I,I,I,I,I,I,I,I,I,I,I,I,I,I,I,I,I,NA,I,I,I,I,I,I,NA,I,I,NA,I,I,I,NA,L,I,I,I,I,I,I,I,I,I,I,I,NA,I,I,L,I,I,I,I,I,I,I,I,I,I,I,I,NA,NA,NA,I,S,I,NA,I,I,I,I,I,I,I,I,I,I,I,I,I,I,I,I,I,I,I,I,I,I,I,I,I,I,I,I,I,I,NA,I,I,I,I,I,I,I,I,I,I,I,I,NA,I,I,I,NA,NA,I,I,I,I,L,I,I,I,I,I,I,I,I,I,I,L,I,I,NA,I,I,I,I,I,I,I,I,L,I,I,I,L,I,S,I,I,I,NA,I,I,I,I,I,L,I,I,I,NA,I,I,S,NA,I,NA,I,I,NA,I,I,I,I,I,I,I,NA,I
"Lymphoid, hematopoietic and related tissues",Leukemia,Leukemia,Leukemia,I,I,NA,I,I,I,I,I,I,I,I,I,I,I,I,I,I,I,I,I,I,I,I,NA,I,I,I,I,I,I,NA,I,I,NA,I,I,I,NA,L,I,I,I,I,I,I,I,I,I,I,I,NA,I,I,NA,I,I,I,I,I,I,I,I,I,I,I,I,NA,NA,NA,I,S,I,NA,I,I,I,I,I,I,I,I,I,I,I,I,I,I,I,I,I,I,I,I,I,I,I,I,I,I,I,I,I,I,NA,I,I,I,I,I,I,I,I,I,NA,I,I,NA,I,I,I,NA,NA,I,I,I,I,NA,I,I,I,I,I,I,NA,I,I,I,NA,I,I,NA,I,I,I,I,I,I,I,I,L,I,I,I,NA,I,NA,I,I,I,NA,I,I,I,I,I,NA,I,I,I,NA,I,I,NA,NA,I,NA,I,I,NA,I,I,I,I,I,I,I,NA,I
"Lymphoid, hematopoietic and related tissues",Lymphoma,Hodgkin lymphoma,Hodgkin lymphoma,I,I,S,I,I,I,I,I,I,I,I,I,I,I,I,I,I,I,I,I,I,I,I,I,I,I,I,I,I,I,I,I,I,I,I,I,I,I,I,I,I,I,I,I,I,I,I,I,I,I,I,I,I,I,I,I,I,I,I,I,I,S,I,I,I,I,I,I,I,I,I,I,I,I,I,I,I,I,I,I,S,I,I,I,I,I,I,I,I,I,I,I,I,I,I,I,I,I,I,I,I,I,I,I,I,I,I,I,I,I,I,I,I,I,I,I,I,I,I,I,I,I,I,I,I,I,I,I,I,I,I,I,I,I,I,I,I,I,I,I,I,I,I,I,I,I,I,I,I,I,I,I,I,I,I,S,I,I,I,I,I,I,I,I,I,L,I,I,I,I,I,I,I,I,I,I,I,I,I,I,I,I,I,I,I,I,I,I
"Lymphoid, hematopoietic and related tissues",Lymphoma,Primary effusion lymphoma,Primary effusion lymphoma,I,I,S,I,I,I,I,I,I,I,I,I,I,I,I,I,I,I,I,I,I,I,I,I,I,I,I,I,I,I,I,I,I,I,I,I,I,I,I,I,I,I,I,I,I,I,I,I,I,I,I,I,I,I,I,I,I,I,I,I,I,I,I,I,I,I,I,I,I,I,I,I,I,I,I,I,I,I,I,I,I,I,I,I,I,I,I,I,I,I,I,I,I,I,I,I,I,I,I,I,I,I,I,I,I,I,I,I,S,I,I,I,I,I,I,I,I,I,I,I,I,I,I,I,I,I,I,I,I,I,I,I,I,I,I,I,I,I,I,I,I,I,I,I,I,I,I,I,I,I,I,I,I,I,I,S,I,I,I,I,I,I,I,I,I,L,I,I,I,I,I,I,I,I,I,I,I,I,I,I,I,I,I,I,I,I,I,I
"Lymphoid, hematopoietic and related tissues",Lymphoma,Non-Hodgkin lymphoma,Immunosuppression-related lymphoma,I,I,S,L,I,I,I,I,I,I,I,I,I,I,I,I,I,I,I,I,I,I,S,L,I,I,I,I,I,I,I,I,I,I,I,I,I,I,I,I,L,I,I,I,I,I,I,I,I,I,I,S,L,L,L,I,I,I,I,I,I,S,I,I,I,I,L,I,I,L,I,I,I,I,L,I,I,I,L,S,S,I,I,I,I,I,I,I,I,I,I,I,I,I,I,I,I,I,I,I,I,I,I,I,I,I,I,I,I,I,I,S,I,I,I,L,I,I,I,I,I,I,I,I,I,I,I,I,I,I,I,I,I,I,I,S,I,I,I,I,I,I,I,I,L,L,I,I,I,I,I,I,I,I,I,S,I,I,I,I,I,I,I,I,I,L,I,I,I,I,I,I,I,I,I,I,I,I,I,L,I,I,I,I,I,I,L,I
"Lymphoid, hematopoietic and related tissues",Lymphoma,Non-Hodgkin lymphoma,Burkitt lymphoma,I,I,S,L,I,I,I,I,I,I,I,I,I,I,I,I,I,I,I,I,I,I,S,L,I,I,I,I,I,I,I,I,I,I,I,I,I,I,I,I,L,I,I,I,I,I,I,I,I,I,I,S,L,L,L,I,I,I,I,I,I,S,I,I,I,I,L,I,I,L,I,I,I,I,L,I,I,I,L,S,S,I,I,I,I,I,I,I,I,I,I,I,I,I,I,I,I,I,I,I,I,I,I,I,I,I,I,I,I,I,I,S,I,I,L,L,I,I,I,I,I,I,I,I,I,I,I,I,I,I,I,I,I,I,I,S,I,I,I,I,I,I,I,I,L,L,I,I,I,I,I,I,I,I,I,S,I,I,I,I,I,I,I,I,I,L,I,I,I,I,I,I,I,I,I,I,I,I,I,L,I,I,I,I,I,I,L,I
"Lymphoid, hematopoietic and related tissues",Lymphoma,Non-Hodgkin lymphoma,Extranodal NK/T-cell lymphoma (nasal type),I,I,S,L,I,I,I,I,I,I,I,I,I,I,I,I,I,I,I,I,I,I,S,L,I,I,I,I,I,I,I,I,I,I,I,I,I,I,I,I,L,I,I,I,I,I,I,I,I,I,I,S,L,L,L,I,I,I,I,I,I,S,I,I,I,I,L,I,I,L,I,I,I,I,L,I,I,I,L,S,S,I,I,I,I,I,I,I,I,I,I,I,I,I,I,I,I,I,I,I,I,I,I,I,I,I,I,I,I,I,I,S,I,I,I,L,I,I,I,I,I,I,I,I,I,I,I,I,I,I,I,I,I,I,I,S,I,I,I,I,I,I,I,I,L,L,I,I,I,I,I,I,I,I,I,S,I,I,I,I,I,I,I,I,I,L,I,I,I,I,I,I,I,I,I,I,I,I,I,L,I,I,I,I,I,I,L,I
"Lymphoid, hematopoietic and related tissues",Lymphoma,Non-Hodgkin lymphoma,Low-grade B-cell mucosa associated lymphoid tissue (MALT) gastric lymphoma,I,I,S,L,I,I,I,I,I,I,I,I,I,I,I,I,I,I,I,I,I,I,S,L,I,I,I,I,I,I,I,I,I,I,I,I,I,I,I,I,L,I,I,I,I,I,I,I,I,I,I,S,L,L,L,I,I,I,I,I,I,I,I,I,I,I,L,I,I,L,I,I,I,I,L,I,I,S,L,S,S,I,I,I,I,I,I,I,I,I,I,I,I,I,I,I,I,I,I,I,I,I,I,I,I,I,I,I,I,I,I,S,I,I,I,L,I,I,I,I,I,I,I,I,I,I,I,I,I,I,I,I,I,I,I,S,I,I,I,I,I,I,I,I,L,L,I,I,I,I,I,I,I,I,I,S,I,I,I,I,I,I,I,I,I,L,I,I,I,I,I,I,I,I,I,I,I,I,I,L,I,I,I,I,I,I,L,I
"Lymphoid, hematopoietic and related tissues",Lymphoma,Non-Hodgkin lymphoma,Non-Hodgkin lymphoma,I,I,S,L,I,I,I,I,I,I,I,I,I,I,I,I,I,I,I,I,I,I,S,L,I,I,I,I,I,I,I,I,I,I,I,I,I,I,I,I,L,I,I,I,I,I,I,I,I,I,I,S,L,L,L,I,I,I,I,I,I,NA,I,I,I,I,L,I,I,L,I,I,I,I,L,I,I,NA,L,S,S,I,I,I,I,I,I,I,I,I,I,I,I,I,I,I,I,I,I,I,I,I,I,I,I,I,I,I,I,I,I,S,I,I,NA,L,I,I,I,I,I,I,I,I,I,I,I,I,I,I,I,I,I,I,I,S,I,I,I,I,I,I,I,I,L,L,I,I,I,I,I,I,I,I,I,S,I,I,I,I,I,I,I,I,I,L,I,I,I,I,I,I,I,I,I,I,I,I,I,L,I,I,I,I,I,I,L,I
"Lymphoid, hematopoietic and related tissues",Lymphoma,Multicentric Castleman disease,Multicentric Castleman disease,I,I,S,I,I,I,I,I,I,I,I,I,I,I,I,I,I,I,I,I,I,I,I,I,I,I,I,I,I,I,I,I,I,I,I,I,I,I,I,I,I,I,I,I,I,I,I,I,I,I,I,I,I,I,I,I,I,I,I,I,I,I,I,I,I,I,I,I,I,I,I,I,I,I,I,I,I,I,I,I,I,I,I,I,I,I,I,I,I,I,I,I,I,I,I,I,I,I,I,I,I,I,I,I,I,I,I,I,L,I,I,I,I,I,I,I,I,I,I,I,I,I,I,I,I,I,I,I,I,I,I,I,I,I,I,I,I,I,I,I,I,I,I,I,I,I,I,I,I,I,I,I,I,I,I,S,I,I,I,I,I,I,I,I,I,L,I,I,I,I,I,I,I,I,I,I,I,I,I,I,I,I,I,I,I,I,I,I
"Lymphoid, hematopoietic and related tissues",Lymphoma,Lymphoma,Lymphoma,I,I,S,NA,I,I,I,I,I,I,I,I,I,I,I,I,I,I,I,I,I,I,NA,NA,I,I,I,I,I,I,I,I,I,I,I,I,I,I,I,I,NA,I,I,I,I,I,I,I,I,I,I,NA,NA,NA,NA,I,I,I,I,I,I,NA,I,I,I,I,NA,I,I,NA,I,I,I,I,NA,I,I,NA,NA,NA,NA,I,I,I,I,I,I,I,I,I,I,I,I,I,I,I,I,I,I,I,I,I,I,I,I,I,I,I,NA,I,I,NA,I,I,NA,NA,I,I,I,I,I,I,I,I,I,I,I,I,I,I,I,I,I,I,I,NA,I,I,I,I,I,I,I,I,NA,NA,I,I,I,I,I,I,I,I,I,S,I,I,I,I,I,I,I,I,I,L,I,I,I,I,I,I,I,I,I,I,I,I,I,NA,I,I,I,I,I,I,NA,I
"Lymphoid, hematopoietic and related tissues",Multiple myeloma,Multiple myeloma,Multiple myeloma,L,I,S,I,I,I,I,I,I,I,I,I,I,I,I,I,I,I,I,I,I,I,I,L,I,I,I,I,I,I,I,I,I,I,I,I,I,I,I,I,I,I,I,I,I,I,I,I,I,I,I,I,I,I,I,I,I,I,I,I,I,I,I,I,I,I,L,I,I,I,I,I,I,I,I,I,I,I,I,I,I,I,I,I,I,I,I,I,I,I,I,I,I,I,I,I,I,I,I,I,I,I,I,I,I,I,I,I,I,I,I,I,I,I,I,I,I,I,I,I,I,I,I,I,I,I,I,I,I,I,I,I,I,I,I,S,I,I,I,I,I,I,I,I,I,I,I,I,I,I,I,I,I,I,I,I,I,I,I,I,I,I,I,I,I,L,I,I,I,I,I,I,I,I,I,I,I,I,I,I,I,I,I,I,I,I,L,I
"Lymphoid, hematopoietic and related tissues","Lymphoid, hematopoietic and related tissues","Lymphoid, hematopoietic and related tissues","Lymphoid, hematopoietic and related tissues",NA,I,S,NA,I,I,I,I,I,I,I,I,I,I,I,I,I,I,I,I,I,I,NA,NA,I,I,I,I,I,I,NA,I,I,NA,I,I,I,NA,NA,I,NA,I,I,I,I,I,I,I,I,I,NA,NA,NA,NA,NA,I,I,I,I,I,I,NA,I,I,I,I,NA,NA,NA,NA,I,I,NA,I,NA,I,I,NA,NA,NA,NA,I,I,I,I,I,I,I,I,I,I,I,I,I,I,I,I,I,I,I,I,I,I,NA,I,I,I,I,NA,I,I,NA,I,NA,NA,NA,NA,I,I,I,NA,NA,I,I,I,I,NA,I,I,I,I,I,I,NA,I,NA,I,NA,I,I,NA,I,I,I,NA,NA,I,I,I,NA,I,I,I,NA,I,NA,I,I,I,NA,I,I,I,I,I,L,I,I,I,NA,I,I,NA,NA,I,NA,I,I,NA,NA,I,I,I,I,I,I,NA,I
Multiple or unspecified sites,Multiple or unspecified sites,Lymphoepithelioma-like carcinoma (LELC),Lymphoepithelioma-like carcinoma (LELC),I,I,I,I,I,I,I,I,I,I,I,I,I,I,I,I,I,I,I,I,I,I,I,I,I,I,I,I,I,I,I,I,I,I,I,I,I,I,I,I,I,I,I,I,I,I,I,I,I,I,I,I,I,I,I,I,I,I,I,I,I,L,I,I,I,I,I,I,I,I,I,I,I,I,I,I,I,I,I,I,I,I,I,I,I,I,I,I,I,I,I,I,I,I,I,I,I,I,I,I,I,I,I,I,I,I,I,I,I,I,I,I,I,I,I,I,I,I,I,I,I,I,I,I,I,I,I,I,I,I,I,I,I,I,I,I,I,I,I,I,I,I,I,I,I,I,I,I,I,I,I,I,I,I,I,I,I,I,I,I,I,I,I,I,I,I,I,I,I,I,I,I,I,I,I,I,I,I,I,I,I,I,I,I,I,I,I,I
Multiple or unspecified sites,Multiple or unspecified sites,All cancer sites (combined),All cancer sites (combined),I,I,I,S,I,I,I,I,I,I,I,I,I,I,I,I,I,I,I,I,I,I,I,I,I,I,I,I,I,I,I,I,I,I,I,I,I,I,I,I,I,I,I,I,I,I,I,I,I,I,I,I,I,I,I,I,I,I,I,I,I,I,I,I,I,I,I,I,I,I,I,I,I,I,I,I,I,I,I,I,I,I,I,I,I,I,I,I,I,I,I,I,I,I,I,I,I,I,I,I,I,I,I,I,I,I,I,I,I,I,I,I,I,I,I,I,I,I,I,I,I,I,I,I,I,I,I,I,I,I,I,I,I,I,I,I,I,I,I,I,I,I,I,I,I,I,I,I,I,I,I,I,I,I,I,I,I,I,I,I,I,I,I,I,I,I,I,I,I,I,I,I,I,I,I,I,I,I,I,I,I,I,I,I,I,I,I,I
Multiple or unspecified sites,Multiple or unspecified sites,Multiple sites (unspecified),Multiple sites (unspecified),I,I,I,I,I,I,I,I,I,I,I,I,I,I,I,I,I,I,I,I,I,I,I,I,I,I,I,I,I,I,I,I,I,I,I,I,I,I,I,I,L,I,I,I,I,I,I,I,I,I,I,S,I,I,I,I,I,I,I,I,I,I,I,I,I,I,I,I,I,I,S,I,I,I,I,I,I,I,I,I,I,I,I,I,I,I,I,I,I,I,I,I,I,I,I,I,I,I,I,I,I,I,I,I,I,I,I,I,I,I,I,I,I,I,I,I,I,I,I,I,I,I,I,I,I,I,I,I,I,I,I,I,I,I,I,I,I,I,I,I,I,I,I,I,I,I,I,I,I,I,I,I,I,I,I,I,I,I,I,I,I,I,I,I,I,I,I,I,I,I,I,I,I,I,I,I,I,I,I,I,I,I,I,I,I,I,I,S
